order_id,product,category,quantity,price,city,date,total_price,year,month_number,month
ORD1001,Backpack,Accessories,1,1629.0,Hyderabad,2026-03-04,1629.0,2026,3,2026-03
ORD1002,Keyboard,Electronics,2,1570.94,Surat,2026-01-23,3141.88,2026,1,2026-01
ORD1003,Book,Books,4,407.86,Mumbai,2026-02-25,1631.44,2026,2,2026-02
ORD1004,Keyboard,Electronics,5,1530.61,Surat,2026-02-20,7653.049999999999,2026,2,2026-02
ORD1005,Tablet,Electronics,5,27549.31,Jaipur,2026-05-31,137746.55000000002,2026,5,2026-05
ORD1006,T-Shirt,Fashion,1,840.36,Delhi,2026-06-28,840.36,2026,6,2026-06
ORD1007,Watch,Accessories,3,4776.92,Bangalore,2026-03-28,14330.76,2026,3,2026-03
ORD1008,Smartphone,Electronics,1,17567.74,Pune,2026-03-30,17567.74,2026,3,2026-03
ORD1009,Book,Books,3,477.64,Jaipur,2026-05-18,1432.92,2026,5,2026-05
ORD1010,Smartphone,Electronics,4,16483.68,Hyderabad,2026-06-10,65934.72,2026,6,2026-06
ORD1011,Book,Books,3,456.96,Mumbai,2026-01-12,1370.8799999999999,2026,1,2026-01
ORD1012,Backpack,Accessories,2,1898.3,Mumbai,2026-03-01,3796.6,2026,3,2026-03
ORD1013,Air Fryer,Home Appliances,1,6344.16,Jaipur,2026-06-12,6344.16,2026,6,2026-06
ORD1014,Air Fryer,Home Appliances,3,6061.45,Pune,2026-02-23,18184.35,2026,2,2026-02
ORD1015,Backpack,Accessories,3,1872.66,Mumbai,2026-06-05,5617.9800000000005,2026,6,2026-06
ORD1016,Backpack,Accessories,2,1812.29,Bangalore,2026-02-11,3624.58,2026,2,2026-02
ORD1017,Mixer,Home Appliances,4,3338.96,Surat,2026-02-26,13355.84,2026,2,2026-02
ORD1018,Backpack,Accessories,3,1923.43,Ahmedabad,2026-02-28,5770.29,2026,2,2026-02
ORD1019,Air Fryer,Home Appliances,1,6896.56,Chennai,2026-03-10,6896.56,2026,3,2026-03
ORD1020,Smartphone,Electronics,2,19487.29,Kolkata,2026-03-22,38974.58,2026,3,2026-03
ORD1021,Keyboard,Electronics,4,1468.69,Jaipur,2026-02-06,5874.76,2026,2,2026-02
ORD1022,T-Shirt,Fashion,2,758.51,Surat,2026-05-18,1517.02,2026,5,2026-05
ORD1023,T-Shirt,Fashion,5,787.56,Kolkata,2026-04-13,3937.7999999999997,2026,4,2026-04
ORD1024,Shoes,Fashion,2,2747.56,Delhi,2026-05-11,5495.12,2026,5,2026-05
ORD1025,Mixer,Home Appliances,1,3679.05,Mumbai,2026-02-09,3679.05,2026,2,2026-02
ORD1026,Backpack,Accessories,2,1905.15,Chennai,2026-06-02,3810.3,2026,6,2026-06
ORD1027,Smartphone,Electronics,4,17573.83,Jaipur,2026-05-16,70295.32,2026,5,2026-05
ORD1028,T-Shirt,Fashion,5,856.65,Ahmedabad,2026-06-24,4283.25,2026,6,2026-06
ORD1029,Tablet,Electronics,1,29017.58,Surat,2026-03-10,29017.58,2026,3,2026-03
ORD1030,Jeans,Fashion,3,1843.7,Chennai,2026-02-10,5531.1,2026,2,2026-02
ORD1031,Mixer,Home Appliances,1,3817.67,Hyderabad,2026-05-09,3817.67,2026,5,2026-05
ORD1032,Jeans,Fashion,2,2002.07,Mumbai,2026-06-10,4004.14,2026,6,2026-06
ORD1033,T-Shirt,Fashion,5,816.41,Delhi,2026-04-06,4082.0499999999997,2026,4,2026-04
ORD1034,Jeans,Fashion,2,2014.74,Surat,2026-01-01,4029.48,2026,1,2026-01
ORD1035,Book,Books,3,448.97,Mumbai,2026-04-03,1346.91,2026,4,2026-04
ORD1036,Air Fryer,Home Appliances,3,6161.29,Bangalore,2026-05-26,18483.87,2026,5,2026-05
ORD1037,Smartphone,Electronics,1,18834.87,Mumbai,2026-05-17,18834.87,2026,5,2026-05
ORD1038,Jeans,Fashion,2,1850.43,Jaipur,2026-05-21,3700.86,2026,5,2026-05
ORD1039,Headphones,Electronics,3,2212.18,Kolkata,2026-04-19,6636.539999999999,2026,4,2026-04
ORD1040,Keyboard,Electronics,5,1576.58,Bangalore,2026-03-21,7882.9,2026,3,2026-03
ORD1041,Watch,Accessories,3,4937.11,Surat,2026-04-26,14811.329999999998,2026,4,2026-04
ORD1042,Smartphone,Electronics,2,17008.91,Pune,2026-01-06,34017.82,2026,1,2026-01
ORD1043,Book,Books,5,425.71,Bangalore,2026-01-02,2128.5499999999997,2026,1,2026-01
ORD1044,Smartphone,Electronics,1,17024.19,Ahmedabad,2026-03-26,17024.19,2026,3,2026-03
ORD1045,Smartphone,Electronics,5,17056.82,Jaipur,2026-02-24,85284.1,2026,2,2026-02
ORD1046,Coffee Maker,Home Appliances,2,4387.62,Kolkata,2026-05-28,8775.24,2026,5,2026-05
ORD1047,Mixer,Home Appliances,2,3699.23,Chennai,2026-02-18,7398.46,2026,2,2026-02
ORD1048,Smartphone,Electronics,1,18572.34,Pune,2026-04-19,18572.34,2026,4,2026-04
ORD1049,Watch,Accessories,4,5362.76,Ahmedabad,2026-06-22,21451.04,2026,6,2026-06
ORD1050,Backpack,Accessories,1,1641.82,Pune,2026-01-28,1641.82,2026,1,2026-01
ORD1051,Keyboard,Electronics,2,1407.06,Jaipur,2026-02-05,2814.12,2026,2,2026-02
ORD1052,Watch,Accessories,2,4777.59,Bangalore,2026-01-20,9555.18,2026,1,2026-01
ORD1053,Mixer,Home Appliances,5,3218.54,Surat,2026-01-04,16092.7,2026,1,2026-01
ORD1054,Smartphone,Electronics,2,16798.72,Jaipur,2026-05-04,33597.44,2026,5,2026-05
ORD1055,Keyboard,Electronics,4,1620.73,Delhi,2026-04-08,6482.92,2026,4,2026-04
ORD1056,Laptop,Electronics,4,52417.23,Jaipur,2026-03-15,209668.92,2026,3,2026-03
ORD1057,Watch,Accessories,5,5160.84,Jaipur,2026-02-09,25804.2,2026,2,2026-02
ORD1058,Keyboard,Electronics,3,1415.31,Ahmedabad,2026-05-29,4245.93,2026,5,2026-05
ORD1059,Tablet,Electronics,5,25541.36,Pune,2026-01-15,127706.8,2026,1,2026-01
ORD1060,Laptop,Electronics,5,54744.67,Surat,2026-02-10,273723.35,2026,2,2026-02
ORD1061,Laptop,Electronics,5,50381.23,Delhi,2026-01-18,251906.15000000002,2026,1,2026-01
ORD1062,Book,Books,1,465.77,Bangalore,2026-04-14,465.77,2026,4,2026-04
ORD1063,Smartphone,Electronics,5,17086.38,Kolkata,2026-01-11,85431.90000000001,2026,1,2026-01
ORD1064,Book,Books,1,442.73,Kolkata,2026-05-25,442.73,2026,5,2026-05
ORD1065,Coffee Maker,Home Appliances,3,4565.15,Bangalore,2026-06-21,13695.449999999999,2026,6,2026-06
ORD1066,Tablet,Electronics,3,26536.64,Chennai,2026-02-03,79609.92,2026,2,2026-02
ORD1067,Backpack,Accessories,3,1784.6,Mumbai,2026-01-03,5353.799999999999,2026,1,2026-01
ORD1068,Mixer,Home Appliances,5,3848.92,Mumbai,2026-01-19,19244.6,2026,1,2026-01
ORD1069,Coffee Maker,Home Appliances,2,4204.94,Delhi,2026-03-31,8409.88,2026,3,2026-03
ORD1070,Smartphone,Electronics,2,17530.3,Delhi,2026-04-23,35060.6,2026,4,2026-04
ORD1071,Air Fryer,Home Appliances,5,6764.6,Kolkata,2026-06-17,33823.0,2026,6,2026-06
ORD1072,Coffee Maker,Home Appliances,1,4341.01,Surat,2026-03-18,4341.01,2026,3,2026-03
ORD1073,Backpack,Accessories,1,1958.01,Delhi,2026-03-09,1958.01,2026,3,2026-03
ORD1074,Smartphone,Electronics,1,18872.7,Delhi,2026-03-11,18872.7,2026,3,2026-03
ORD1075,T-Shirt,Fashion,5,752.76,Pune,2026-02-22,3763.8,2026,2,2026-02
ORD1076,Backpack,Accessories,3,1801.95,Hyderabad,2026-01-14,5405.85,2026,1,2026-01
ORD1077,Smartphone,Electronics,4,19185.65,Ahmedabad,2026-01-01,76742.6,2026,1,2026-01
ORD1078,Shoes,Fashion,2,2567.53,Hyderabad,2026-02-11,5135.06,2026,2,2026-02
ORD1079,Tablet,Electronics,4,28289.41,Chennai,2026-05-24,113157.64,2026,5,2026-05
ORD1080,Laptop,Electronics,1,50327.68,Delhi,2026-05-20,50327.68,2026,5,2026-05
ORD1081,Laptop,Electronics,3,55907.61,Delhi,2026-04-21,167722.83000000002,2026,4,2026-04
ORD1082,Headphones,Electronics,1,2115.63,Ahmedabad,2026-04-02,2115.63,2026,4,2026-04
ORD1083,Keyboard,Electronics,2,1550.08,Pune,2026-05-24,3100.16,2026,5,2026-05
ORD1084,Air Fryer,Home Appliances,4,7115.99,Delhi,2026-03-02,28463.96,2026,3,2026-03
ORD1085,Air Fryer,Home Appliances,2,7119.07,Delhi,2026-04-16,14238.14,2026,4,2026-04
ORD1086,Laptop,Electronics,2,57602.21,Pune,2026-04-16,115204.42,2026,4,2026-04
ORD1087,Jeans,Fashion,2,1905.77,Mumbai,2026-04-08,3811.54,2026,4,2026-04
ORD1088,Air Fryer,Home Appliances,1,6966.17,Bangalore,2026-02-21,6966.17,2026,2,2026-02
ORD1089,Air Fryer,Home Appliances,4,6304.56,Bangalore,2026-02-27,25218.24,2026,2,2026-02
ORD1090,Laptop,Electronics,2,53883.13,Hyderabad,2026-01-18,107766.26,2026,1,2026-01
ORD1091,Jeans,Fashion,3,1939.49,Surat,2026-04-13,5818.47,2026,4,2026-04
ORD1092,Backpack,Accessories,5,1739.21,Ahmedabad,2026-01-30,8696.05,2026,1,2026-01
ORD1093,T-Shirt,Fashion,2,811.88,Hyderabad,2026-01-10,1623.76,2026,1,2026-01
ORD1094,Smartphone,Electronics,5,17764.43,Pune,2026-04-22,88822.15,2026,4,2026-04
ORD1095,Book,Books,5,415.41,Kolkata,2026-02-18,2077.05,2026,2,2026-02
ORD1096,T-Shirt,Fashion,1,832.36,Ahmedabad,2026-05-14,832.36,2026,5,2026-05
ORD1097,Jeans,Fashion,5,2073.71,Bangalore,2026-04-04,10368.55,2026,4,2026-04
ORD1098,Watch,Accessories,1,5447.78,Pune,2026-06-09,5447.78,2026,6,2026-06
ORD1099,Shoes,Fashion,1,2608.83,Hyderabad,2026-05-10,2608.83,2026,5,2026-05
ORD1100,T-Shirt,Fashion,4,771.22,Hyderabad,2026-05-22,3084.88,2026,5,2026-05
ORD1101,Headphones,Electronics,2,2165.0,Chennai,2026-06-23,4330.0,2026,6,2026-06
ORD1102,Tablet,Electronics,2,28646.88,Hyderabad,2026-04-14,57293.76,2026,4,2026-04
ORD1103,Coffee Maker,Home Appliances,1,4035.25,Bangalore,2026-04-21,4035.25,2026,4,2026-04
ORD1104,Jeans,Fashion,5,2041.64,Pune,2026-04-30,10208.2,2026,4,2026-04
ORD1105,Mixer,Home Appliances,4,3622.94,Surat,2026-05-02,14491.76,2026,5,2026-05
ORD1106,Jeans,Fashion,2,2062.51,Hyderabad,2026-05-12,4125.02,2026,5,2026-05
ORD1107,Backpack,Accessories,5,1740.67,Bangalore,2026-06-22,8703.35,2026,6,2026-06
ORD1108,T-Shirt,Fashion,2,847.99,Delhi,2026-01-07,1695.98,2026,1,2026-01
ORD1109,Laptop,Electronics,2,60323.3,Kolkata,2026-01-19,120646.6,2026,1,2026-01
ORD1110,Mixer,Home Appliances,4,3770.3,Kolkata,2026-02-19,15081.2,2026,2,2026-02
ORD1111,Tablet,Electronics,4,27968.51,Bangalore,2026-02-07,111874.04,2026,2,2026-02
ORD1112,Backpack,Accessories,1,1941.36,Mumbai,2026-04-19,1941.36,2026,4,2026-04
ORD1113,Keyboard,Electronics,2,1591.23,Surat,2026-04-29,3182.46,2026,4,2026-04
ORD1114,Laptop,Electronics,5,52241.18,Mumbai,2026-04-27,261205.9,2026,4,2026-04
ORD1115,Headphones,Electronics,4,2273.73,Surat,2026-06-02,9094.92,2026,6,2026-06
ORD1116,Shoes,Fashion,4,2555.3,Surat,2026-04-20,10221.2,2026,4,2026-04
ORD1117,Air Fryer,Home Appliances,5,6429.69,Delhi,2026-05-02,32148.449999999997,2026,5,2026-05
ORD1118,Mixer,Home Appliances,3,3676.24,Hyderabad,2026-05-14,11028.72,2026,5,2026-05
ORD1119,Mixer,Home Appliances,2,3342.22,Mumbai,2026-03-15,6684.44,2026,3,2026-03
ORD1120,Keyboard,Electronics,3,1450.75,Surat,2026-01-21,4352.25,2026,1,2026-01
ORD1121,Headphones,Electronics,2,2081.76,Delhi,2026-02-24,4163.52,2026,2,2026-02
ORD1122,Smartphone,Electronics,4,17667.36,Surat,2026-04-30,70669.44,2026,4,2026-04
ORD1123,Watch,Accessories,1,4705.89,Chennai,2026-04-10,4705.89,2026,4,2026-04
ORD1124,Jeans,Fashion,5,2177.34,Ahmedabad,2026-05-28,10886.7,2026,5,2026-05
ORD1125,Watch,Accessories,4,4504.99,Pune,2026-03-18,18019.96,2026,3,2026-03
ORD1126,Jeans,Fashion,4,2140.31,Chennai,2026-05-18,8561.24,2026,5,2026-05
ORD1127,Tablet,Electronics,5,29679.26,Bangalore,2026-05-05,148396.3,2026,5,2026-05
ORD1128,Keyboard,Electronics,3,1480.75,Ahmedabad,2026-04-10,4442.25,2026,4,2026-04
ORD1129,Shoes,Fashion,4,2611.05,Jaipur,2026-02-02,10444.2,2026,2,2026-02
ORD1130,Book,Books,5,407.43,Chennai,2026-06-01,2037.15,2026,6,2026-06
ORD1131,Book,Books,1,412.56,Chennai,2026-02-04,412.56,2026,2,2026-02
ORD1132,Air Fryer,Home Appliances,4,6086.25,Hyderabad,2026-04-08,24345.0,2026,4,2026-04
ORD1133,Shoes,Fashion,2,2476.36,Pune,2026-04-08,4952.72,2026,4,2026-04
ORD1134,T-Shirt,Fashion,4,759.41,Mumbai,2026-05-01,3037.64,2026,5,2026-05
ORD1135,Laptop,Electronics,5,50072.94,Pune,2026-02-27,250364.7,2026,2,2026-02
ORD1136,Backpack,Accessories,1,1901.24,Ahmedabad,2026-01-08,1901.24,2026,1,2026-01
ORD1137,Keyboard,Electronics,2,1601.77,Kolkata,2026-02-09,3203.54,2026,2,2026-02
ORD1138,Keyboard,Electronics,2,1492.07,Mumbai,2026-05-25,2984.14,2026,5,2026-05
ORD1139,Keyboard,Electronics,4,1559.84,Pune,2026-02-12,6239.36,2026,2,2026-02
ORD1140,Book,Books,5,491.74,Mumbai,2026-02-11,2458.7,2026,2,2026-02
ORD1141,T-Shirt,Fashion,1,811.57,Hyderabad,2026-05-28,811.57,2026,5,2026-05
ORD1142,Backpack,Accessories,4,1762.8,Bangalore,2026-01-20,7051.2,2026,1,2026-01
ORD1143,Book,Books,2,414.17,Hyderabad,2026-06-25,828.34,2026,6,2026-06
ORD1144,Book,Books,1,476.66,Kolkata,2026-01-11,476.66,2026,1,2026-01
ORD1145,Shoes,Fashion,5,2463.2,Pune,2026-01-18,12316.0,2026,1,2026-01
ORD1146,Coffee Maker,Home Appliances,3,3790.63,Chennai,2026-05-06,11371.89,2026,5,2026-05
ORD1147,Smartphone,Electronics,4,19658.84,Jaipur,2026-02-09,78635.36,2026,2,2026-02
ORD1148,Watch,Accessories,2,5232.75,Hyderabad,2026-06-07,10465.5,2026,6,2026-06
ORD1149,Jeans,Fashion,5,2108.8,Jaipur,2026-04-22,10544.0,2026,4,2026-04
ORD1150,Air Fryer,Home Appliances,5,6198.91,Bangalore,2026-01-23,30994.55,2026,1,2026-01
ORD1151,T-Shirt,Fashion,4,758.07,Jaipur,2026-05-26,3032.28,2026,5,2026-05
ORD1152,Book,Books,4,435.28,Jaipur,2026-03-25,1741.12,2026,3,2026-03
ORD1153,Headphones,Electronics,4,2073.33,Hyderabad,2026-03-29,8293.32,2026,3,2026-03
ORD1154,T-Shirt,Fashion,5,831.15,Hyderabad,2026-05-23,4155.75,2026,5,2026-05
ORD1155,Laptop,Electronics,5,59928.69,Mumbai,2026-03-03,299643.45,2026,3,2026-03
ORD1156,Tablet,Electronics,4,27936.04,Bangalore,2026-06-26,111744.16,2026,6,2026-06
ORD1157,Mixer,Home Appliances,4,3463.72,Ahmedabad,2026-01-24,13854.88,2026,1,2026-01
ORD1158,T-Shirt,Fashion,2,783.72,Bangalore,2026-03-20,1567.44,2026,3,2026-03
ORD1159,Backpack,Accessories,5,1752.85,Surat,2026-05-16,8764.25,2026,5,2026-05
ORD1160,Shoes,Fashion,4,2747.22,Surat,2026-03-26,10988.88,2026,3,2026-03
ORD1161,Shoes,Fashion,4,2384.5,Hyderabad,2026-03-01,9538.0,2026,3,2026-03
ORD1162,Smartphone,Electronics,2,17335.97,Surat,2026-06-26,34671.94,2026,6,2026-06
ORD1163,Headphones,Electronics,2,2075.21,Jaipur,2026-03-12,4150.42,2026,3,2026-03
ORD1164,Tablet,Electronics,5,30669.0,Surat,2026-06-02,153345.0,2026,6,2026-06
ORD1165,T-Shirt,Fashion,1,852.15,Hyderabad,2026-02-28,852.15,2026,2,2026-02
ORD1166,Shoes,Fashion,2,2400.17,Surat,2026-02-02,4800.34,2026,2,2026-02
ORD1167,T-Shirt,Fashion,1,874.79,Surat,2026-03-16,874.79,2026,3,2026-03
ORD1168,Tablet,Electronics,2,28772.07,Jaipur,2026-01-27,57544.14,2026,1,2026-01
ORD1169,Air Fryer,Home Appliances,1,6596.28,Jaipur,2026-05-03,6596.28,2026,5,2026-05
ORD1170,Mixer,Home Appliances,3,3279.05,Ahmedabad,2026-03-06,9837.150000000001,2026,3,2026-03
ORD1171,Air Fryer,Home Appliances,4,5998.31,Mumbai,2026-04-13,23993.24,2026,4,2026-04
ORD1172,Mixer,Home Appliances,1,3553.91,Ahmedabad,2026-02-08,3553.91,2026,2,2026-02
ORD1173,Headphones,Electronics,5,2397.62,Mumbai,2026-03-05,11988.099999999999,2026,3,2026-03
ORD1174,Smartphone,Electronics,5,18952.0,Kolkata,2026-06-02,94760.0,2026,6,2026-06
ORD1175,Jeans,Fashion,5,1889.33,Surat,2026-04-08,9446.65,2026,4,2026-04
ORD1176,Mixer,Home Appliances,4,3358.15,Kolkata,2026-04-20,13432.6,2026,4,2026-04
ORD1177,T-Shirt,Fashion,5,818.34,Kolkata,2026-01-26,4091.7000000000003,2026,1,2026-01
ORD1178,Jeans,Fashion,2,2049.18,Hyderabad,2026-06-19,4098.36,2026,6,2026-06
ORD1179,Smartphone,Electronics,2,17063.51,Surat,2026-01-20,34127.02,2026,1,2026-01
ORD1180,Headphones,Electronics,1,2159.75,Kolkata,2026-05-01,2159.75,2026,5,2026-05
ORD1181,T-Shirt,Fashion,1,756.09,Hyderabad,2026-06-29,756.09,2026,6,2026-06
ORD1182,Air Fryer,Home Appliances,4,5942.53,Bangalore,2026-03-09,23770.12,2026,3,2026-03
ORD1183,Jeans,Fashion,5,2063.44,Bangalore,2026-04-19,10317.2,2026,4,2026-04
ORD1184,Smartphone,Electronics,5,17009.31,Delhi,2026-03-10,85046.55,2026,3,2026-03
ORD1185,Air Fryer,Home Appliances,2,5942.83,Delhi,2026-03-20,11885.66,2026,3,2026-03
ORD1186,Book,Books,5,487.91,Jaipur,2026-02-01,2439.55,2026,2,2026-02
ORD1187,Mixer,Home Appliances,3,3639.81,Hyderabad,2026-05-09,10919.43,2026,5,2026-05
ORD1188,Coffee Maker,Home Appliances,4,4147.72,Kolkata,2026-01-11,16590.88,2026,1,2026-01
ORD1189,Watch,Accessories,3,5102.69,Ahmedabad,2026-01-24,15308.07,2026,1,2026-01
ORD1190,Keyboard,Electronics,5,1526.14,Ahmedabad,2026-06-22,7630.700000000001,2026,6,2026-06
ORD1191,Air Fryer,Home Appliances,3,6599.12,Delhi,2026-05-01,19797.36,2026,5,2026-05
ORD1192,Coffee Maker,Home Appliances,4,4549.5,Delhi,2026-05-30,18198.0,2026,5,2026-05
ORD1193,Watch,Accessories,4,5467.96,Jaipur,2026-03-31,21871.84,2026,3,2026-03
ORD1194,Watch,Accessories,3,4820.09,Mumbai,2026-02-11,14460.27,2026,2,2026-02
ORD1195,Shoes,Fashion,4,2595.8,Hyderabad,2026-06-19,10383.2,2026,6,2026-06
ORD1196,Watch,Accessories,5,4535.79,Mumbai,2026-03-22,22678.95,2026,3,2026-03
ORD1197,T-Shirt,Fashion,3,737.62,Chennai,2026-05-12,2212.86,2026,5,2026-05
ORD1198,Air Fryer,Home Appliances,1,6704.96,Surat,2026-04-29,6704.96,2026,4,2026-04
ORD1199,Watch,Accessories,1,4686.65,Pune,2026-06-09,4686.65,2026,6,2026-06
ORD1200,Jeans,Fashion,4,2049.14,Ahmedabad,2026-02-22,8196.56,2026,2,2026-02
ORD1201,T-Shirt,Fashion,5,740.04,Hyderabad,2026-04-23,3700.2,2026,4,2026-04
ORD1202,Tablet,Electronics,4,25879.99,Kolkata,2026-03-03,103519.96,2026,3,2026-03
ORD1203,Tablet,Electronics,2,26940.2,Ahmedabad,2026-05-22,53880.4,2026,5,2026-05
ORD1204,Watch,Accessories,1,4723.76,Mumbai,2026-04-29,4723.76,2026,4,2026-04
ORD1205,Smartphone,Electronics,2,17994.15,Hyderabad,2026-05-11,35988.3,2026,5,2026-05
ORD1206,Tablet,Electronics,3,27526.75,Jaipur,2026-05-01,82580.25,2026,5,2026-05
ORD1207,Keyboard,Electronics,4,1515.38,Chennai,2026-02-18,6061.52,2026,2,2026-02
ORD1208,Book,Books,5,472.17,Delhi,2026-01-18,2360.85,2026,1,2026-01
ORD1209,T-Shirt,Fashion,4,773.41,Surat,2026-03-10,3093.64,2026,3,2026-03
ORD1210,Air Fryer,Home Appliances,1,6217.69,Hyderabad,2026-05-31,6217.69,2026,5,2026-05
ORD1211,Book,Books,4,482.87,Jaipur,2026-05-18,1931.48,2026,5,2026-05
ORD1212,Mixer,Home Appliances,3,3382.71,Surat,2026-04-07,10148.130000000001,2026,4,2026-04
ORD1213,Mixer,Home Appliances,3,3758.72,Bangalore,2026-05-27,11276.16,2026,5,2026-05
ORD1214,Watch,Accessories,2,5354.94,Chennai,2026-01-12,10709.88,2026,1,2026-01
ORD1215,Shoes,Fashion,4,2601.57,Chennai,2026-04-09,10406.28,2026,4,2026-04
ORD1216,Backpack,Accessories,2,1798.32,Ahmedabad,2026-02-02,3596.64,2026,2,2026-02
ORD1217,Coffee Maker,Home Appliances,5,4058.88,Mumbai,2026-04-23,20294.4,2026,4,2026-04
ORD1218,Smartphone,Electronics,5,19477.59,Ahmedabad,2026-02-06,97387.95,2026,2,2026-02
ORD1219,Watch,Accessories,2,4573.91,Hyderabad,2026-03-28,9147.82,2026,3,2026-03
ORD1220,Book,Books,4,463.49,Pune,2026-06-22,1853.96,2026,6,2026-06
ORD1221,Air Fryer,Home Appliances,5,6344.01,Pune,2026-06-10,31720.050000000003,2026,6,2026-06
ORD1222,Tablet,Electronics,4,30085.34,Ahmedabad,2026-06-08,120341.36,2026,6,2026-06
ORD1223,Smartphone,Electronics,2,18472.18,Hyderabad,2026-02-28,36944.36,2026,2,2026-02
ORD1224,Tablet,Electronics,1,27630.24,Mumbai,2026-06-12,27630.24,2026,6,2026-06
ORD1225,Tablet,Electronics,1,27684.6,Hyderabad,2026-01-08,27684.6,2026,1,2026-01
ORD1226,Laptop,Electronics,3,58257.58,Hyderabad,2026-04-02,174772.74,2026,4,2026-04
ORD1227,Shoes,Fashion,4,2321.86,Surat,2026-04-16,9287.44,2026,4,2026-04
ORD1228,Book,Books,2,420.3,Mumbai,2026-06-06,840.6,2026,6,2026-06
ORD1229,Air Fryer,Home Appliances,4,6655.62,Bangalore,2026-05-08,26622.48,2026,5,2026-05
ORD1230,Book,Books,2,425.9,Hyderabad,2026-04-28,851.8,2026,4,2026-04
ORD1231,T-Shirt,Fashion,1,862.75,Jaipur,2026-03-15,862.75,2026,3,2026-03
ORD1232,Backpack,Accessories,5,1676.87,Jaipur,2026-03-30,8384.349999999999,2026,3,2026-03
ORD1233,Book,Books,3,462.5,Chennai,2026-06-26,1387.5,2026,6,2026-06
ORD1234,T-Shirt,Fashion,4,854.18,Bangalore,2026-04-09,3416.72,2026,4,2026-04
ORD1235,Air Fryer,Home Appliances,4,5988.65,Chennai,2026-05-27,23954.6,2026,5,2026-05
ORD1236,Shoes,Fashion,5,2396.98,Hyderabad,2026-01-06,11984.9,2026,1,2026-01
ORD1237,Air Fryer,Home Appliances,4,6206.82,Kolkata,2026-06-25,24827.28,2026,6,2026-06
ORD1238,Jeans,Fashion,1,2163.16,Jaipur,2026-03-15,2163.16,2026,3,2026-03
ORD1239,Jeans,Fashion,2,2041.8,Pune,2026-02-26,4083.6,2026,2,2026-02
ORD1240,Backpack,Accessories,2,1843.52,Delhi,2026-06-10,3687.04,2026,6,2026-06
ORD1241,Smartphone,Electronics,1,17312.16,Jaipur,2026-01-09,17312.16,2026,1,2026-01
ORD1242,Book,Books,3,470.91,Mumbai,2026-03-17,1412.73,2026,3,2026-03
ORD1243,Shoes,Fashion,4,2336.88,Delhi,2026-05-19,9347.52,2026,5,2026-05
ORD1244,Shoes,Fashion,5,2499.9,Hyderabad,2026-02-12,12499.5,2026,2,2026-02
ORD1245,T-Shirt,Fashion,4,873.69,Hyderabad,2026-03-28,3494.76,2026,3,2026-03
ORD1246,Jeans,Fashion,1,1986.34,Mumbai,2026-02-06,1986.34,2026,2,2026-02
ORD1247,Jeans,Fashion,2,2142.98,Chennai,2026-05-23,4285.96,2026,5,2026-05
ORD1248,Shoes,Fashion,1,2644.28,Ahmedabad,2026-03-09,2644.28,2026,3,2026-03
ORD1249,Coffee Maker,Home Appliances,1,4162.02,Hyderabad,2026-05-30,4162.02,2026,5,2026-05
ORD1250,Watch,Accessories,3,4607.42,Bangalore,2026-05-01,13822.26,2026,5,2026-05
ORD1251,Laptop,Electronics,5,59226.58,Surat,2026-03-25,296132.9,2026,3,2026-03
ORD1252,Book,Books,2,463.29,Jaipur,2026-06-29,926.58,2026,6,2026-06
ORD1253,T-Shirt,Fashion,4,737.74,Ahmedabad,2026-01-10,2950.96,2026,1,2026-01
ORD1254,T-Shirt,Fashion,4,737.66,Bangalore,2026-05-18,2950.64,2026,5,2026-05
ORD1255,Headphones,Electronics,4,2179.6,Surat,2026-04-18,8718.4,2026,4,2026-04
ORD1256,Book,Books,2,484.69,Mumbai,2026-05-06,969.38,2026,5,2026-05
ORD1257,Book,Books,4,489.51,Hyderabad,2026-01-09,1958.04,2026,1,2026-01
ORD1258,Tablet,Electronics,3,26416.71,Jaipur,2026-03-02,79250.13,2026,3,2026-03
ORD1259,Air Fryer,Home Appliances,3,5979.16,Pune,2026-05-20,17937.48,2026,5,2026-05
ORD1260,Backpack,Accessories,3,1641.8,Hyderabad,2026-02-18,4925.4,2026,2,2026-02
ORD1261,Smartphone,Electronics,4,16530.02,Bangalore,2026-06-14,66120.08,2026,6,2026-06
ORD1262,Backpack,Accessories,5,1969.59,Ahmedabad,2026-03-27,9847.949999999999,2026,3,2026-03
ORD1263,Keyboard,Electronics,2,1586.09,Bangalore,2026-01-18,3172.18,2026,1,2026-01
ORD1264,Air Fryer,Home Appliances,5,6119.3,Bangalore,2026-03-01,30596.5,2026,3,2026-03
ORD1265,Shoes,Fashion,2,2643.26,Kolkata,2026-01-01,5286.52,2026,1,2026-01
ORD1266,T-Shirt,Fashion,2,876.91,Surat,2026-03-06,1753.82,2026,3,2026-03
ORD1267,Jeans,Fashion,2,1843.05,Ahmedabad,2026-02-03,3686.1,2026,2,2026-02
ORD1268,Laptop,Electronics,3,58189.83,Bangalore,2026-05-31,174569.49,2026,5,2026-05
ORD1269,Shoes,Fashion,1,2336.19,Ahmedabad,2026-02-02,2336.19,2026,2,2026-02
ORD1270,Tablet,Electronics,4,28146.08,Mumbai,2026-05-02,112584.32,2026,5,2026-05
ORD1271,Mixer,Home Appliances,3,3509.27,Mumbai,2026-04-26,10527.81,2026,4,2026-04
ORD1272,Coffee Maker,Home Appliances,2,4574.15,Ahmedabad,2026-06-18,9148.3,2026,6,2026-06
ORD1273,Coffee Maker,Home Appliances,3,4164.76,Ahmedabad,2026-01-16,12494.28,2026,1,2026-01
ORD1274,Mixer,Home Appliances,4,3448.39,Mumbai,2026-05-06,13793.56,2026,5,2026-05
ORD1275,Tablet,Electronics,4,25611.55,Mumbai,2026-03-24,102446.2,2026,3,2026-03
ORD1276,Book,Books,2,410.91,Hyderabad,2026-06-09,821.82,2026,6,2026-06
ORD1277,Backpack,Accessories,5,1817.41,Pune,2026-04-08,9087.050000000001,2026,4,2026-04
ORD1278,Book,Books,5,431.54,Surat,2026-06-04,2157.7000000000003,2026,6,2026-06
ORD1279,Watch,Accessories,1,5292.04,Mumbai,2026-06-17,5292.04,2026,6,2026-06
ORD1280,Backpack,Accessories,5,1879.5,Bangalore,2026-04-21,9397.5,2026,4,2026-04
ORD1281,Mixer,Home Appliances,2,3439.67,Jaipur,2026-04-13,6879.34,2026,4,2026-04
ORD1282,Watch,Accessories,1,4811.59,Pune,2026-06-20,4811.59,2026,6,2026-06
ORD1283,T-Shirt,Fashion,3,871.48,Jaipur,2026-01-18,2614.44,2026,1,2026-01
ORD1284,Smartphone,Electronics,1,16535.63,Mumbai,2026-04-06,16535.63,2026,4,2026-04
ORD1285,Jeans,Fashion,2,2021.54,Kolkata,2026-05-24,4043.08,2026,5,2026-05
ORD1286,Coffee Maker,Home Appliances,3,4342.81,Chennai,2026-04-01,13028.43,2026,4,2026-04
ORD1287,Air Fryer,Home Appliances,4,6978.52,Ahmedabad,2026-03-15,27914.08,2026,3,2026-03
ORD1288,Book,Books,3,436.65,Kolkata,2026-05-10,1309.9499999999998,2026,5,2026-05
ORD1289,Keyboard,Electronics,2,1547.02,Bangalore,2026-01-28,3094.04,2026,1,2026-01
ORD1290,Shoes,Fashion,5,2432.81,Hyderabad,2026-05-27,12164.05,2026,5,2026-05
ORD1291,Keyboard,Electronics,4,1603.55,Kolkata,2026-06-07,6414.2,2026,6,2026-06
ORD1292,Backpack,Accessories,5,1629.45,Hyderabad,2026-01-08,8147.25,2026,1,2026-01
ORD1293,Headphones,Electronics,3,2289.19,Hyderabad,2026-03-28,6867.57,2026,3,2026-03
ORD1294,Shoes,Fashion,1,2339.77,Delhi,2026-05-25,2339.77,2026,5,2026-05
ORD1295,Backpack,Accessories,4,1645.05,Ahmedabad,2026-01-24,6580.2,2026,1,2026-01
ORD1296,Tablet,Electronics,5,26404.74,Chennai,2026-04-27,132023.7,2026,4,2026-04
ORD1297,Shoes,Fashion,2,2434.05,Pune,2026-05-26,4868.1,2026,5,2026-05
ORD1298,Book,Books,1,484.5,Delhi,2026-02-10,484.5,2026,2,2026-02
ORD1299,Jeans,Fashion,5,1819.0,Mumbai,2026-03-11,9095.0,2026,3,2026-03
ORD1300,Mixer,Home Appliances,4,3489.96,Jaipur,2026-04-17,13959.84,2026,4,2026-04
ORD1301,T-Shirt,Fashion,2,839.74,Mumbai,2026-03-30,1679.48,2026,3,2026-03
ORD1302,Watch,Accessories,1,4782.29,Kolkata,2026-05-05,4782.29,2026,5,2026-05
ORD1303,Coffee Maker,Home Appliances,3,3818.15,Chennai,2026-06-03,11454.45,2026,6,2026-06
ORD1304,Laptop,Electronics,1,51748.65,Bangalore,2026-02-05,51748.65,2026,2,2026-02
ORD1305,Jeans,Fashion,3,1914.82,Mumbai,2026-01-02,5744.46,2026,1,2026-01
ORD1306,Mixer,Home Appliances,4,3272.99,Chennai,2026-05-17,13091.96,2026,5,2026-05
ORD1307,Tablet,Electronics,2,28001.47,Pune,2026-01-19,56002.94,2026,1,2026-01
ORD1308,Watch,Accessories,1,4935.23,Jaipur,2026-01-20,4935.23,2026,1,2026-01
ORD1309,Air Fryer,Home Appliances,3,6598.49,Kolkata,2026-04-14,19795.47,2026,4,2026-04
ORD1310,Tablet,Electronics,4,26821.29,Chennai,2026-01-06,107285.16,2026,1,2026-01
ORD1311,Shoes,Fashion,2,2649.6,Kolkata,2026-04-28,5299.2,2026,4,2026-04
ORD1312,Air Fryer,Home Appliances,3,5964.57,Mumbai,2026-03-04,17893.71,2026,3,2026-03
ORD1313,Watch,Accessories,5,4899.47,Mumbai,2026-04-12,24497.350000000002,2026,4,2026-04
ORD1314,Air Fryer,Home Appliances,3,6819.55,Bangalore,2026-03-27,20458.65,2026,3,2026-03
ORD1315,Jeans,Fashion,2,1829.64,Mumbai,2026-05-16,3659.28,2026,5,2026-05
ORD1316,Coffee Maker,Home Appliances,2,4540.98,Pune,2026-03-31,9081.96,2026,3,2026-03
ORD1317,Tablet,Electronics,2,26523.11,Delhi,2026-03-07,53046.22,2026,3,2026-03
ORD1318,Keyboard,Electronics,2,1530.72,Mumbai,2026-02-15,3061.44,2026,2,2026-02
ORD1319,Jeans,Fashion,4,1984.59,Kolkata,2026-05-29,7938.36,2026,5,2026-05
ORD1320,Mixer,Home Appliances,5,3600.09,Kolkata,2026-03-24,18000.45,2026,3,2026-03
ORD1321,Air Fryer,Home Appliances,3,6046.24,Mumbai,2026-05-01,18138.72,2026,5,2026-05
ORD1322,Mixer,Home Appliances,3,3707.43,Kolkata,2026-01-15,11122.289999999999,2026,1,2026-01
ORD1323,Shoes,Fashion,5,2286.18,Jaipur,2026-04-26,11430.9,2026,4,2026-04
ORD1324,Laptop,Electronics,1,53556.11,Hyderabad,2026-01-20,53556.11,2026,1,2026-01
ORD1325,Backpack,Accessories,1,1841.4,Surat,2026-04-09,1841.4,2026,4,2026-04
ORD1326,Mixer,Home Appliances,5,3538.02,Ahmedabad,2026-04-26,17690.1,2026,4,2026-04
ORD1327,Jeans,Fashion,5,2059.7,Pune,2026-06-04,10298.5,2026,6,2026-06
ORD1328,Mixer,Home Appliances,5,3255.6,Ahmedabad,2026-04-26,16278.0,2026,4,2026-04
ORD1329,Smartphone,Electronics,3,19736.59,Mumbai,2026-05-10,59209.770000000004,2026,5,2026-05
ORD1330,Backpack,Accessories,2,1634.09,Jaipur,2026-04-23,3268.18,2026,4,2026-04
ORD1331,Coffee Maker,Home Appliances,5,4292.24,Pune,2026-04-06,21461.199999999997,2026,4,2026-04
ORD1332,T-Shirt,Fashion,4,784.42,Pune,2026-06-23,3137.68,2026,6,2026-06
ORD1333,Book,Books,1,476.03,Pune,2026-01-17,476.03,2026,1,2026-01
ORD1334,Shoes,Fashion,1,2527.97,Chennai,2026-03-14,2527.97,2026,3,2026-03
ORD1335,T-Shirt,Fashion,5,858.65,Pune,2026-01-21,4293.25,2026,1,2026-01
ORD1336,Book,Books,2,487.51,Hyderabad,2026-06-17,975.02,2026,6,2026-06
ORD1337,Tablet,Electronics,4,25922.13,Mumbai,2026-03-21,103688.52,2026,3,2026-03
ORD1338,Coffee Maker,Home Appliances,4,4320.53,Pune,2026-02-02,17282.12,2026,2,2026-02
ORD1339,Backpack,Accessories,5,1653.64,Chennai,2026-05-11,8268.2,2026,5,2026-05
ORD1340,Shoes,Fashion,1,2430.33,Delhi,2026-02-24,2430.33,2026,2,2026-02
ORD1341,Shoes,Fashion,4,2345.06,Delhi,2026-02-09,9380.24,2026,2,2026-02
ORD1342,Smartphone,Electronics,3,19239.94,Mumbai,2026-05-10,57719.81999999999,2026,5,2026-05
ORD1343,Jeans,Fashion,5,2132.98,Surat,2026-01-10,10664.9,2026,1,2026-01
ORD1344,Backpack,Accessories,3,1935.5,Kolkata,2026-02-03,5806.5,2026,2,2026-02
ORD1345,Book,Books,4,418.88,Delhi,2026-06-27,1675.52,2026,6,2026-06
ORD1346,Jeans,Fashion,5,2122.56,Delhi,2026-04-23,10612.8,2026,4,2026-04
ORD1347,Laptop,Electronics,4,53507.29,Bangalore,2026-04-24,214029.16,2026,4,2026-04
ORD1348,Book,Books,3,472.72,Jaipur,2026-03-01,1418.16,2026,3,2026-03
ORD1349,Coffee Maker,Home Appliances,2,4039.95,Jaipur,2026-02-19,8079.9,2026,2,2026-02
ORD1350,Shoes,Fashion,5,2741.12,Jaipur,2026-03-14,13705.599999999999,2026,3,2026-03
ORD1351,Jeans,Fashion,4,2000.16,Chennai,2026-02-11,8000.64,2026,2,2026-02
ORD1352,Air Fryer,Home Appliances,2,6891.64,Delhi,2026-03-06,13783.28,2026,3,2026-03
ORD1353,Laptop,Electronics,4,59115.29,Surat,2026-01-27,236461.16,2026,1,2026-01
ORD1354,Tablet,Electronics,5,29966.53,Hyderabad,2026-01-22,149832.65,2026,1,2026-01
ORD1355,Jeans,Fashion,2,1908.16,Surat,2026-02-07,3816.32,2026,2,2026-02
ORD1356,Air Fryer,Home Appliances,4,5969.23,Bangalore,2026-04-26,23876.92,2026,4,2026-04
ORD1357,Shoes,Fashion,1,2456.47,Chennai,2026-05-09,2456.47,2026,5,2026-05
ORD1358,Shoes,Fashion,2,2442.11,Mumbai,2026-04-06,4884.22,2026,4,2026-04
ORD1359,Keyboard,Electronics,1,1445.61,Mumbai,2026-06-16,1445.61,2026,6,2026-06
ORD1360,Shoes,Fashion,2,2317.87,Hyderabad,2026-05-01,4635.74,2026,5,2026-05
ORD1361,Tablet,Electronics,2,29449.51,Jaipur,2026-04-25,58899.02,2026,4,2026-04
ORD1362,Book,Books,1,486.53,Ahmedabad,2026-03-07,486.53,2026,3,2026-03
ORD1363,Keyboard,Electronics,2,1514.64,Kolkata,2026-05-16,3029.28,2026,5,2026-05
ORD1364,Watch,Accessories,1,5275.12,Bangalore,2026-03-19,5275.12,2026,3,2026-03
ORD1365,Smartphone,Electronics,1,17058.38,Kolkata,2026-04-28,17058.38,2026,4,2026-04
ORD1366,Smartphone,Electronics,1,19212.08,Jaipur,2026-06-02,19212.08,2026,6,2026-06
ORD1367,Coffee Maker,Home Appliances,1,4310.84,Kolkata,2026-03-03,4310.84,2026,3,2026-03
ORD1368,Tablet,Electronics,2,26831.12,Ahmedabad,2026-06-07,53662.24,2026,6,2026-06
ORD1369,Shoes,Fashion,2,2534.32,Delhi,2026-06-20,5068.64,2026,6,2026-06
ORD1370,Backpack,Accessories,1,1808.45,Pune,2026-01-18,1808.45,2026,1,2026-01
ORD1371,Coffee Maker,Home Appliances,5,4206.16,Surat,2026-05-22,21030.8,2026,5,2026-05
ORD1372,Laptop,Electronics,4,59106.65,Ahmedabad,2026-06-12,236426.6,2026,6,2026-06
ORD1373,Watch,Accessories,3,4752.7,Ahmedabad,2026-04-02,14258.099999999999,2026,4,2026-04
ORD1374,Jeans,Fashion,1,1936.95,Mumbai,2026-05-29,1936.95,2026,5,2026-05
ORD1375,Tablet,Electronics,3,25947.09,Pune,2026-05-20,77841.27,2026,5,2026-05
ORD1376,Shoes,Fashion,2,2664.13,Jaipur,2026-06-28,5328.26,2026,6,2026-06
ORD1377,Mixer,Home Appliances,2,3718.05,Mumbai,2026-04-28,7436.1,2026,4,2026-04
ORD1378,Laptop,Electronics,3,51717.5,Bangalore,2026-01-11,155152.5,2026,1,2026-01
ORD1379,Shoes,Fashion,3,2506.69,Surat,2026-05-02,7520.07,2026,5,2026-05
ORD1380,T-Shirt,Fashion,1,839.48,Bangalore,2026-03-15,839.48,2026,3,2026-03
ORD1381,Shoes,Fashion,1,2681.83,Pune,2026-03-11,2681.83,2026,3,2026-03
ORD1382,Smartphone,Electronics,3,17773.02,Chennai,2026-04-23,53319.06,2026,4,2026-04
ORD1383,Watch,Accessories,3,5472.63,Jaipur,2026-06-27,16417.89,2026,6,2026-06
ORD1384,Mixer,Home Appliances,3,3797.02,Surat,2026-03-10,11391.06,2026,3,2026-03
ORD1385,Jeans,Fashion,1,2089.79,Mumbai,2026-04-21,2089.79,2026,4,2026-04
ORD1386,Book,Books,2,454.09,Pune,2026-01-27,908.18,2026,1,2026-01
ORD1387,Smartphone,Electronics,3,18579.31,Hyderabad,2026-04-25,55737.93000000001,2026,4,2026-04
ORD1388,Book,Books,4,420.0,Jaipur,2026-03-31,1680.0,2026,3,2026-03
ORD1389,Mixer,Home Appliances,1,3658.77,Pune,2026-06-07,3658.77,2026,6,2026-06
ORD1390,Watch,Accessories,3,5138.44,Ahmedabad,2026-01-20,15415.32,2026,1,2026-01
ORD1391,Backpack,Accessories,4,1750.79,Delhi,2026-01-08,7003.16,2026,1,2026-01
ORD1392,Headphones,Electronics,5,2278.36,Jaipur,2026-01-09,11391.800000000001,2026,1,2026-01
ORD1393,Headphones,Electronics,1,2083.84,Pune,2026-04-03,2083.84,2026,4,2026-04
ORD1394,Watch,Accessories,5,4531.48,Delhi,2026-06-23,22657.399999999998,2026,6,2026-06
ORD1395,Mixer,Home Appliances,3,3410.41,Mumbai,2026-05-27,10231.23,2026,5,2026-05
ORD1396,Headphones,Electronics,5,2141.46,Pune,2026-06-16,10707.3,2026,6,2026-06
ORD1397,T-Shirt,Fashion,2,872.59,Ahmedabad,2026-02-17,1745.18,2026,2,2026-02
ORD1398,Mixer,Home Appliances,5,3420.89,Surat,2026-01-31,17104.45,2026,1,2026-01
ORD1399,T-Shirt,Fashion,3,831.61,Bangalore,2026-06-06,2494.83,2026,6,2026-06
ORD1400,T-Shirt,Fashion,4,751.09,Delhi,2026-01-19,3004.36,2026,1,2026-01
ORD1401,Mixer,Home Appliances,2,3779.08,Jaipur,2026-01-23,7558.16,2026,1,2026-01
ORD1402,Jeans,Fashion,3,2066.1,Mumbai,2026-05-21,6198.299999999999,2026,5,2026-05
ORD1403,Coffee Maker,Home Appliances,3,4528.72,Delhi,2026-06-29,13586.16,2026,6,2026-06
ORD1404,Backpack,Accessories,2,1905.73,Surat,2026-02-27,3811.46,2026,2,2026-02
ORD1405,Smartphone,Electronics,2,19051.44,Bangalore,2026-05-07,38102.88,2026,5,2026-05
ORD1406,Laptop,Electronics,3,55594.24,Pune,2026-04-30,166782.72,2026,4,2026-04
ORD1407,Jeans,Fashion,5,1850.98,Mumbai,2026-01-17,9254.9,2026,1,2026-01
ORD1408,T-Shirt,Fashion,4,878.84,Jaipur,2026-05-15,3515.36,2026,5,2026-05
ORD1409,Watch,Accessories,4,5322.27,Mumbai,2026-02-02,21289.08,2026,2,2026-02
ORD1410,Shoes,Fashion,1,2474.0,Surat,2026-03-30,2474.0,2026,3,2026-03
ORD1411,Headphones,Electronics,5,2261.51,Delhi,2026-02-03,11307.550000000001,2026,2,2026-02
ORD1412,Watch,Accessories,5,5409.63,Ahmedabad,2026-02-01,27048.15,2026,2,2026-02
ORD1413,Coffee Maker,Home Appliances,2,4035.46,Delhi,2026-03-24,8070.92,2026,3,2026-03
ORD1414,Tablet,Electronics,2,27137.73,Surat,2026-03-14,54275.46,2026,3,2026-03
ORD1415,Air Fryer,Home Appliances,1,6175.79,Surat,2026-03-12,6175.79,2026,3,2026-03
ORD1416,Headphones,Electronics,3,2250.35,Mumbai,2026-05-09,6751.049999999999,2026,5,2026-05
ORD1417,Backpack,Accessories,2,1833.05,Kolkata,2026-02-09,3666.1,2026,2,2026-02
ORD1418,Headphones,Electronics,5,2297.08,Kolkata,2026-03-28,11485.4,2026,3,2026-03
ORD1419,Air Fryer,Home Appliances,5,5903.55,Ahmedabad,2026-01-21,29517.75,2026,1,2026-01
ORD1420,Laptop,Electronics,5,52411.21,Bangalore,2026-05-27,262056.05,2026,5,2026-05
ORD1421,Watch,Accessories,5,5137.96,Jaipur,2026-06-10,25689.8,2026,6,2026-06
ORD1422,Coffee Maker,Home Appliances,3,4319.2,Hyderabad,2026-05-04,12957.599999999999,2026,5,2026-05
ORD1423,Keyboard,Electronics,4,1439.23,Mumbai,2026-06-26,5756.92,2026,6,2026-06
ORD1424,Laptop,Electronics,2,54335.66,Jaipur,2026-04-29,108671.32,2026,4,2026-04
ORD1425,Keyboard,Electronics,3,1532.0,Pune,2026-03-23,4596.0,2026,3,2026-03
ORD1426,Tablet,Electronics,3,30662.1,Delhi,2026-04-05,91986.29999999999,2026,4,2026-04
ORD1427,Coffee Maker,Home Appliances,5,3869.19,Bangalore,2026-04-30,19345.95,2026,4,2026-04
ORD1428,Smartphone,Electronics,3,17818.55,Delhi,2026-01-25,53455.649999999994,2026,1,2026-01
ORD1429,Laptop,Electronics,3,59899.23,Kolkata,2026-04-18,179697.69,2026,4,2026-04
ORD1430,Keyboard,Electronics,2,1594.04,Kolkata,2026-03-22,3188.08,2026,3,2026-03
ORD1431,Keyboard,Electronics,2,1499.48,Surat,2026-04-30,2998.96,2026,4,2026-04
ORD1432,Mixer,Home Appliances,3,3498.16,Mumbai,2026-04-11,10494.48,2026,4,2026-04
ORD1433,Coffee Maker,Home Appliances,4,4592.02,Bangalore,2026-05-30,18368.08,2026,5,2026-05
ORD1434,Shoes,Fashion,1,2274.36,Jaipur,2026-06-02,2274.36,2026,6,2026-06
ORD1435,Air Fryer,Home Appliances,4,6221.47,Ahmedabad,2026-01-28,24885.88,2026,1,2026-01
ORD1436,Watch,Accessories,2,5381.38,Pune,2026-04-14,10762.76,2026,4,2026-04
ORD1437,Shoes,Fashion,1,2449.31,Kolkata,2026-05-24,2449.31,2026,5,2026-05
ORD1438,Keyboard,Electronics,3,1515.97,Mumbai,2026-04-09,4547.91,2026,4,2026-04
ORD1439,Coffee Maker,Home Appliances,4,4422.1,Hyderabad,2026-06-09,17688.4,2026,6,2026-06
ORD1440,Backpack,Accessories,5,1662.77,Mumbai,2026-04-11,8313.85,2026,4,2026-04
ORD1441,Shoes,Fashion,3,2527.9,Pune,2026-02-06,7583.700000000001,2026,2,2026-02
ORD1442,Keyboard,Electronics,5,1502.74,Surat,2026-01-11,7513.7,2026,1,2026-01
ORD1443,Laptop,Electronics,1,51007.4,Pune,2026-05-02,51007.4,2026,5,2026-05
ORD1444,Coffee Maker,Home Appliances,4,3905.11,Surat,2026-02-05,15620.44,2026,2,2026-02
ORD1445,Shoes,Fashion,5,2408.3,Chennai,2026-06-07,12041.5,2026,6,2026-06
ORD1446,Tablet,Electronics,3,28524.86,Surat,2026-05-11,85574.58,2026,5,2026-05
ORD1447,Coffee Maker,Home Appliances,4,4375.34,Hyderabad,2026-05-02,17501.36,2026,5,2026-05
ORD1448,Air Fryer,Home Appliances,1,6328.87,Mumbai,2026-04-17,6328.87,2026,4,2026-04
ORD1449,Book,Books,3,476.71,Ahmedabad,2026-06-02,1430.1299999999999,2026,6,2026-06
ORD1450,Mixer,Home Appliances,3,3826.95,Kolkata,2026-05-28,11480.849999999999,2026,5,2026-05
ORD1451,Keyboard,Electronics,1,1525.06,Delhi,2026-05-15,1525.06,2026,5,2026-05
ORD1452,Backpack,Accessories,5,1898.86,Chennai,2026-02-07,9494.3,2026,2,2026-02
ORD1453,Air Fryer,Home Appliances,2,5891.04,Mumbai,2026-02-18,11782.08,2026,2,2026-02
ORD1454,Laptop,Electronics,4,52950.62,Delhi,2026-04-16,211802.48,2026,4,2026-04
ORD1455,Tablet,Electronics,2,27498.11,Kolkata,2026-05-01,54996.22,2026,5,2026-05
ORD1456,Air Fryer,Home Appliances,1,6767.51,Surat,2026-02-23,6767.51,2026,2,2026-02
ORD1457,Coffee Maker,Home Appliances,3,4618.42,Jaipur,2026-05-15,13855.26,2026,5,2026-05
ORD1458,Watch,Accessories,3,5455.59,Jaipur,2026-05-17,16366.77,2026,5,2026-05
ORD1459,Shoes,Fashion,5,2426.17,Hyderabad,2026-06-06,12130.85,2026,6,2026-06
ORD1460,Mixer,Home Appliances,2,3820.14,Hyderabad,2026-05-23,7640.28,2026,5,2026-05
ORD1461,T-Shirt,Fashion,2,869.55,Hyderabad,2026-03-15,1739.1,2026,3,2026-03
ORD1462,Tablet,Electronics,2,29065.34,Jaipur,2026-03-23,58130.68,2026,3,2026-03
ORD1463,Mixer,Home Appliances,3,3542.34,Hyderabad,2026-03-15,10627.02,2026,3,2026-03
ORD1464,Smartphone,Electronics,5,18635.84,Chennai,2026-04-12,93179.2,2026,4,2026-04
ORD1465,Air Fryer,Home Appliances,3,7090.99,Delhi,2026-03-16,21272.97,2026,3,2026-03
ORD1466,Laptop,Electronics,3,60008.45,Mumbai,2026-03-30,180025.34999999998,2026,3,2026-03
ORD1467,Mixer,Home Appliances,3,3673.14,Bangalore,2026-02-21,11019.42,2026,2,2026-02
ORD1468,Air Fryer,Home Appliances,5,6202.47,Surat,2026-06-28,31012.350000000002,2026,6,2026-06
ORD1469,T-Shirt,Fashion,2,736.55,Kolkata,2026-03-03,1473.1,2026,3,2026-03
ORD1470,Keyboard,Electronics,1,1550.95,Surat,2026-02-27,1550.95,2026,2,2026-02
ORD1471,Backpack,Accessories,2,1638.9,Chennai,2026-03-26,3277.8,2026,3,2026-03
ORD1472,Tablet,Electronics,4,25763.05,Delhi,2026-01-02,103052.2,2026,1,2026-01
ORD1473,Coffee Maker,Home Appliances,2,4121.8,Jaipur,2026-05-03,8243.6,2026,5,2026-05
ORD1474,Backpack,Accessories,2,1892.13,Hyderabad,2026-03-24,3784.26,2026,3,2026-03
ORD1475,T-Shirt,Fashion,1,864.19,Mumbai,2026-06-16,864.19,2026,6,2026-06
ORD1476,Book,Books,2,453.16,Ahmedabad,2026-02-14,906.32,2026,2,2026-02
ORD1477,Watch,Accessories,2,5432.84,Ahmedabad,2026-04-12,10865.68,2026,4,2026-04
ORD1478,Jeans,Fashion,4,1873.59,Hyderabad,2026-01-10,7494.36,2026,1,2026-01
ORD1479,Laptop,Electronics,3,55747.58,Mumbai,2026-03-27,167242.74,2026,3,2026-03
ORD1480,T-Shirt,Fashion,4,877.16,Surat,2026-05-15,3508.64,2026,5,2026-05
ORD1481,Mixer,Home Appliances,2,3745.74,Jaipur,2026-03-11,7491.48,2026,3,2026-03
ORD1482,Keyboard,Electronics,1,1449.21,Jaipur,2026-06-15,1449.21,2026,6,2026-06
ORD1483,T-Shirt,Fashion,2,721.35,Pune,2026-03-17,1442.7,2026,3,2026-03
ORD1484,Book,Books,2,420.79,Chennai,2026-04-20,841.58,2026,4,2026-04
ORD1485,Coffee Maker,Home Appliances,3,3852.86,Mumbai,2026-02-17,11558.58,2026,2,2026-02
ORD1486,Headphones,Electronics,4,2122.38,Bangalore,2026-01-02,8489.52,2026,1,2026-01
ORD1487,T-Shirt,Fashion,4,756.74,Hyderabad,2026-03-26,3026.96,2026,3,2026-03
ORD1488,T-Shirt,Fashion,5,834.62,Ahmedabad,2026-03-08,4173.1,2026,3,2026-03
ORD1489,Backpack,Accessories,3,1869.4,Ahmedabad,2026-06-20,5608.200000000001,2026,6,2026-06
ORD1490,Smartphone,Electronics,4,17304.5,Chennai,2026-06-25,69218.0,2026,6,2026-06
ORD1491,Coffee Maker,Home Appliances,3,4359.84,Hyderabad,2026-04-05,13079.52,2026,4,2026-04
ORD1492,Book,Books,2,424.72,Delhi,2026-05-03,849.44,2026,5,2026-05
ORD1493,Headphones,Electronics,4,2309.0,Kolkata,2026-04-06,9236.0,2026,4,2026-04
ORD1494,Watch,Accessories,5,5411.71,Surat,2026-06-20,27058.55,2026,6,2026-06
ORD1495,Air Fryer,Home Appliances,2,6840.42,Kolkata,2026-01-21,13680.84,2026,1,2026-01
ORD1496,Coffee Maker,Home Appliances,4,4223.67,Pune,2026-01-20,16894.68,2026,1,2026-01
ORD1497,Book,Books,1,410.56,Surat,2026-05-10,410.56,2026,5,2026-05
ORD1498,Keyboard,Electronics,5,1511.0,Delhi,2026-03-25,7555.0,2026,3,2026-03
ORD1499,Air Fryer,Home Appliances,5,6424.39,Bangalore,2026-05-30,32121.95,2026,5,2026-05
ORD1500,Mixer,Home Appliances,1,3779.22,Jaipur,2026-01-15,3779.22,2026,1,2026-01
ORD1501,Mixer,Home Appliances,2,3509.27,Jaipur,2026-05-25,7018.54,2026,5,2026-05
ORD1502,Laptop,Electronics,5,54586.16,Hyderabad,2026-01-06,272930.80000000005,2026,1,2026-01
ORD1503,Watch,Accessories,3,5315.39,Bangalore,2026-05-29,15946.170000000002,2026,5,2026-05
ORD1504,Smartphone,Electronics,1,17725.31,Mumbai,2026-05-19,17725.31,2026,5,2026-05
ORD1505,Laptop,Electronics,1,60347.51,Jaipur,2026-01-09,60347.51,2026,1,2026-01
ORD1506,T-Shirt,Fashion,4,747.86,Delhi,2026-06-14,2991.44,2026,6,2026-06
ORD1507,Tablet,Electronics,4,27296.98,Chennai,2026-04-25,109187.92,2026,4,2026-04
ORD1508,Air Fryer,Home Appliances,4,6338.34,Surat,2026-02-04,25353.36,2026,2,2026-02
ORD1509,Backpack,Accessories,3,1662.71,Surat,2026-04-11,4988.13,2026,4,2026-04
ORD1510,Coffee Maker,Home Appliances,2,4391.4,Bangalore,2026-01-01,8782.8,2026,1,2026-01
ORD1511,Jeans,Fashion,1,2190.3,Jaipur,2026-06-22,2190.3,2026,6,2026-06
ORD1512,Tablet,Electronics,5,27575.12,Chennai,2026-02-28,137875.6,2026,2,2026-02
ORD1513,Keyboard,Electronics,4,1453.85,Hyderabad,2026-02-18,5815.4,2026,2,2026-02
ORD1514,Tablet,Electronics,1,25380.42,Chennai,2026-06-07,25380.42,2026,6,2026-06
ORD1515,Jeans,Fashion,1,1895.32,Mumbai,2026-01-26,1895.32,2026,1,2026-01
ORD1516,Book,Books,1,445.18,Ahmedabad,2026-03-04,445.18,2026,3,2026-03
ORD1517,Tablet,Electronics,1,27452.69,Bangalore,2026-05-19,27452.69,2026,5,2026-05
ORD1518,Keyboard,Electronics,1,1392.04,Hyderabad,2026-03-01,1392.04,2026,3,2026-03
ORD1519,Air Fryer,Home Appliances,5,6264.57,Kolkata,2026-06-22,31322.85,2026,6,2026-06
ORD1520,Air Fryer,Home Appliances,3,6157.98,Delhi,2026-06-19,18473.94,2026,6,2026-06
ORD1521,Coffee Maker,Home Appliances,2,4127.39,Hyderabad,2026-01-16,8254.78,2026,1,2026-01
ORD1522,Coffee Maker,Home Appliances,5,4518.96,Delhi,2026-06-10,22594.8,2026,6,2026-06
ORD1523,Backpack,Accessories,4,1820.11,Ahmedabad,2026-03-30,7280.44,2026,3,2026-03
ORD1524,Backpack,Accessories,4,1902.89,Pune,2026-06-28,7611.56,2026,6,2026-06
ORD1525,Watch,Accessories,4,4648.29,Chennai,2026-02-17,18593.16,2026,2,2026-02
ORD1526,Jeans,Fashion,5,1988.41,Bangalore,2026-03-18,9942.050000000001,2026,3,2026-03
ORD1527,Air Fryer,Home Appliances,2,6897.51,Ahmedabad,2026-05-24,13795.02,2026,5,2026-05
ORD1528,Watch,Accessories,4,5056.28,Delhi,2026-04-10,20225.12,2026,4,2026-04
ORD1529,Keyboard,Electronics,3,1411.0,Mumbai,2026-04-26,4233.0,2026,4,2026-04
ORD1530,Air Fryer,Home Appliances,3,5970.2,Bangalore,2026-01-14,17910.6,2026,1,2026-01
ORD1531,T-Shirt,Fashion,4,826.75,Kolkata,2026-01-11,3307.0,2026,1,2026-01
ORD1532,Air Fryer,Home Appliances,1,6094.61,Kolkata,2026-06-21,6094.61,2026,6,2026-06
ORD1533,Coffee Maker,Home Appliances,2,4182.69,Pune,2026-03-19,8365.38,2026,3,2026-03
ORD1534,Laptop,Electronics,2,59808.76,Mumbai,2026-05-03,119617.52,2026,5,2026-05
ORD1535,Keyboard,Electronics,5,1561.13,Chennai,2026-03-03,7805.650000000001,2026,3,2026-03
ORD1536,Coffee Maker,Home Appliances,3,4431.43,Chennai,2026-04-30,13294.29,2026,4,2026-04
ORD1537,Coffee Maker,Home Appliances,3,4039.07,Pune,2026-05-12,12117.210000000001,2026,5,2026-05
ORD1538,Mixer,Home Appliances,4,3219.03,Jaipur,2026-03-23,12876.12,2026,3,2026-03
ORD1539,Keyboard,Electronics,3,1443.88,Ahmedabad,2026-05-25,4331.64,2026,5,2026-05
ORD1540,Air Fryer,Home Appliances,2,6813.63,Ahmedabad,2026-03-08,13627.26,2026,3,2026-03
ORD1541,Coffee Maker,Home Appliances,5,4266.48,Chennai,2026-03-17,21332.399999999998,2026,3,2026-03
ORD1542,Headphones,Electronics,2,2125.14,Chennai,2026-05-26,4250.28,2026,5,2026-05
ORD1543,Air Fryer,Home Appliances,2,6499.09,Pune,2026-03-07,12998.18,2026,3,2026-03
ORD1544,Jeans,Fashion,4,2185.51,Jaipur,2026-04-28,8742.04,2026,4,2026-04
ORD1545,Headphones,Electronics,3,2054.48,Surat,2026-05-06,6163.4400000000005,2026,5,2026-05
ORD1546,Headphones,Electronics,5,2415.74,Ahmedabad,2026-05-15,12078.699999999999,2026,5,2026-05
ORD1547,Laptop,Electronics,1,59897.07,Ahmedabad,2026-01-02,59897.07,2026,1,2026-01
ORD1548,Watch,Accessories,2,5341.48,Bangalore,2026-01-18,10682.96,2026,1,2026-01
ORD1549,Tablet,Electronics,2,25251.19,Surat,2026-04-27,50502.38,2026,4,2026-04
ORD1550,Shoes,Fashion,1,2557.89,Kolkata,2026-05-04,2557.89,2026,5,2026-05
ORD1551,Backpack,Accessories,4,1625.66,Surat,2026-05-22,6502.64,2026,5,2026-05
ORD1552,Watch,Accessories,1,4515.82,Hyderabad,2026-05-18,4515.82,2026,5,2026-05
ORD1553,T-Shirt,Fashion,1,799.35,Chennai,2026-02-15,799.35,2026,2,2026-02
ORD1554,Smartphone,Electronics,1,18087.79,Bangalore,2026-02-19,18087.79,2026,2,2026-02
ORD1555,Book,Books,5,427.72,Pune,2026-03-10,2138.6000000000004,2026,3,2026-03
ORD1556,Jeans,Fashion,4,1830.69,Chennai,2026-04-28,7322.76,2026,4,2026-04
ORD1557,Book,Books,2,494.12,Bangalore,2026-03-18,988.24,2026,3,2026-03
ORD1558,Backpack,Accessories,1,1855.34,Ahmedabad,2026-01-24,1855.34,2026,1,2026-01
ORD1559,Watch,Accessories,4,4876.19,Jaipur,2026-01-15,19504.76,2026,1,2026-01
ORD1560,Backpack,Accessories,1,1873.02,Mumbai,2026-05-08,1873.02,2026,5,2026-05
ORD1561,Air Fryer,Home Appliances,4,6688.38,Pune,2026-05-25,26753.52,2026,5,2026-05
ORD1562,Air Fryer,Home Appliances,1,7013.23,Ahmedabad,2026-02-28,7013.23,2026,2,2026-02
ORD1563,Keyboard,Electronics,5,1492.65,Ahmedabad,2026-01-20,7463.25,2026,1,2026-01
ORD1564,Backpack,Accessories,3,1943.75,Kolkata,2026-06-18,5831.25,2026,6,2026-06
ORD1565,Laptop,Electronics,2,59716.43,Pune,2026-01-05,119432.86,2026,1,2026-01
ORD1566,Keyboard,Electronics,5,1393.26,Chennai,2026-01-20,6966.3,2026,1,2026-01
ORD1567,T-Shirt,Fashion,2,809.22,Kolkata,2026-04-10,1618.44,2026,4,2026-04
ORD1568,Backpack,Accessories,5,1739.42,Delhi,2026-06-26,8697.1,2026,6,2026-06
ORD1569,Tablet,Electronics,1,28004.44,Pune,2026-01-14,28004.44,2026,1,2026-01
ORD1570,Smartphone,Electronics,4,17035.72,Mumbai,2026-03-29,68142.88,2026,3,2026-03
ORD1571,Book,Books,5,490.94,Chennai,2026-03-25,2454.7,2026,3,2026-03
ORD1572,Laptop,Electronics,3,58119.03,Jaipur,2026-05-06,174357.09,2026,5,2026-05
ORD1573,Keyboard,Electronics,3,1515.91,Chennai,2026-04-21,4547.7300000000005,2026,4,2026-04
ORD1574,Headphones,Electronics,5,2270.7,Mumbai,2026-06-08,11353.5,2026,6,2026-06
ORD1575,T-Shirt,Fashion,2,833.05,Mumbai,2026-03-10,1666.1,2026,3,2026-03
ORD1576,Headphones,Electronics,4,2293.14,Delhi,2026-04-10,9172.56,2026,4,2026-04
ORD1577,Shoes,Fashion,3,2302.35,Ahmedabad,2026-03-20,6907.049999999999,2026,3,2026-03
ORD1578,Mixer,Home Appliances,3,3682.94,Mumbai,2026-02-03,11048.82,2026,2,2026-02
ORD1579,Smartphone,Electronics,2,17751.53,Surat,2026-05-23,35503.06,2026,5,2026-05
ORD1580,Coffee Maker,Home Appliances,4,3866.77,Mumbai,2026-04-01,15467.08,2026,4,2026-04
ORD1581,Coffee Maker,Home Appliances,1,4281.42,Pune,2026-04-09,4281.42,2026,4,2026-04
ORD1582,Laptop,Electronics,3,54051.91,Mumbai,2026-05-24,162155.73,2026,5,2026-05
ORD1583,Keyboard,Electronics,5,1506.33,Chennai,2026-02-13,7531.65,2026,2,2026-02
ORD1584,Headphones,Electronics,3,2112.5,Jaipur,2026-02-07,6337.5,2026,2,2026-02
ORD1585,Smartphone,Electronics,2,17764.83,Chennai,2026-03-18,35529.66,2026,3,2026-03
ORD1586,Mixer,Home Appliances,1,3402.79,Bangalore,2026-06-10,3402.79,2026,6,2026-06
ORD1587,Mixer,Home Appliances,5,3581.67,Jaipur,2026-01-28,17908.35,2026,1,2026-01
ORD1588,Headphones,Electronics,3,1982.98,Chennai,2026-03-27,5948.9400000000005,2026,3,2026-03
ORD1589,Air Fryer,Home Appliances,5,6343.86,Pune,2026-04-23,31719.3,2026,4,2026-04
ORD1590,Shoes,Fashion,4,2656.67,Kolkata,2026-02-04,10626.68,2026,2,2026-02
ORD1591,T-Shirt,Fashion,3,815.49,Bangalore,2026-05-03,2446.4700000000003,2026,5,2026-05
ORD1592,Shoes,Fashion,2,2731.19,Pune,2026-03-16,5462.38,2026,3,2026-03
ORD1593,Tablet,Electronics,4,30619.47,Bangalore,2026-03-25,122477.88,2026,3,2026-03
ORD1594,Watch,Accessories,3,5315.43,Chennai,2026-04-04,15946.29,2026,4,2026-04
ORD1595,Smartphone,Electronics,5,16919.28,Surat,2026-02-16,84596.4,2026,2,2026-02
ORD1596,Backpack,Accessories,5,1629.69,Jaipur,2026-02-23,8148.450000000001,2026,2,2026-02
ORD1597,Mixer,Home Appliances,3,3731.9,Mumbai,2026-04-15,11195.7,2026,4,2026-04
ORD1598,Backpack,Accessories,4,1670.1,Hyderabad,2026-03-03,6680.4,2026,3,2026-03
ORD1599,T-Shirt,Fashion,2,833.39,Chennai,2026-01-19,1666.78,2026,1,2026-01
ORD1600,Mixer,Home Appliances,5,3485.46,Chennai,2026-05-17,17427.3,2026,5,2026-05
ORD1601,Coffee Maker,Home Appliances,4,4236.66,Pune,2026-06-29,16946.64,2026,6,2026-06
ORD1602,Jeans,Fashion,5,2036.51,Mumbai,2026-01-28,10182.55,2026,1,2026-01
ORD1603,Jeans,Fashion,2,2062.01,Pune,2026-02-12,4124.02,2026,2,2026-02
ORD1604,Backpack,Accessories,5,1635.95,Chennai,2026-03-26,8179.75,2026,3,2026-03
ORD1605,Jeans,Fashion,4,1841.46,Mumbai,2026-03-08,7365.84,2026,3,2026-03
ORD1606,Keyboard,Electronics,5,1574.06,Surat,2026-05-29,7870.299999999999,2026,5,2026-05
ORD1607,Tablet,Electronics,5,26437.78,Pune,2026-04-11,132188.9,2026,4,2026-04
ORD1608,Mixer,Home Appliances,5,3633.31,Delhi,2026-03-30,18166.55,2026,3,2026-03
ORD1609,Laptop,Electronics,4,50650.04,Chennai,2026-01-22,202600.16,2026,1,2026-01
ORD1610,Smartphone,Electronics,2,17453.98,Pune,2026-04-27,34907.96,2026,4,2026-04
ORD1611,Jeans,Fashion,2,2007.44,Pune,2026-05-02,4014.88,2026,5,2026-05
ORD1612,Smartphone,Electronics,4,18799.18,Jaipur,2026-03-23,75196.72,2026,3,2026-03
ORD1613,Smartphone,Electronics,3,16360.86,Mumbai,2026-01-06,49082.58,2026,1,2026-01
ORD1614,Air Fryer,Home Appliances,3,6692.36,Delhi,2026-03-04,20077.079999999998,2026,3,2026-03
ORD1615,Coffee Maker,Home Appliances,2,4243.6,Pune,2026-05-24,8487.2,2026,5,2026-05
ORD1616,Watch,Accessories,4,4730.91,Chennai,2026-06-11,18923.64,2026,6,2026-06
ORD1617,Headphones,Electronics,2,2261.81,Chennai,2026-04-12,4523.62,2026,4,2026-04
ORD1618,Laptop,Electronics,5,59214.07,Jaipur,2026-06-01,296070.35,2026,6,2026-06
ORD1619,Watch,Accessories,4,4503.55,Bangalore,2026-02-22,18014.2,2026,2,2026-02
ORD1620,T-Shirt,Fashion,1,811.36,Surat,2026-02-17,811.36,2026,2,2026-02
ORD1621,Shoes,Fashion,3,2347.6,Mumbai,2026-03-09,7042.799999999999,2026,3,2026-03
ORD1622,Backpack,Accessories,4,1809.98,Pune,2026-06-02,7239.92,2026,6,2026-06
ORD1623,Watch,Accessories,5,4891.57,Mumbai,2026-03-31,24457.85,2026,3,2026-03
ORD1624,Shoes,Fashion,4,2557.66,Hyderabad,2026-06-07,10230.64,2026,6,2026-06
ORD1625,Book,Books,1,465.49,Pune,2026-01-31,465.49,2026,1,2026-01
ORD1626,Keyboard,Electronics,3,1385.08,Pune,2026-06-27,4155.24,2026,6,2026-06
ORD1627,Headphones,Electronics,5,2150.92,Kolkata,2026-02-05,10754.6,2026,2,2026-02
ORD1628,Book,Books,4,443.07,Jaipur,2026-06-12,1772.28,2026,6,2026-06
ORD1629,Coffee Maker,Home Appliances,2,4246.13,Jaipur,2026-03-15,8492.26,2026,3,2026-03
ORD1630,Headphones,Electronics,2,2118.42,Jaipur,2026-06-08,4236.84,2026,6,2026-06
ORD1631,Laptop,Electronics,3,59970.26,Jaipur,2026-02-04,179910.78,2026,2,2026-02
ORD1632,Keyboard,Electronics,4,1639.15,Surat,2026-06-17,6556.6,2026,6,2026-06
ORD1633,Mixer,Home Appliances,4,3629.29,Chennai,2026-04-24,14517.16,2026,4,2026-04
ORD1634,Mixer,Home Appliances,2,3207.87,Ahmedabad,2026-02-26,6415.74,2026,2,2026-02
ORD1635,T-Shirt,Fashion,1,763.02,Surat,2026-03-15,763.02,2026,3,2026-03
ORD1636,Headphones,Electronics,4,2228.89,Jaipur,2026-05-21,8915.56,2026,5,2026-05
ORD1637,Coffee Maker,Home Appliances,1,4261.08,Hyderabad,2026-05-20,4261.08,2026,5,2026-05
ORD1638,Air Fryer,Home Appliances,3,6554.66,Ahmedabad,2026-04-23,19663.98,2026,4,2026-04
ORD1639,Coffee Maker,Home Appliances,2,4611.41,Mumbai,2026-06-17,9222.82,2026,6,2026-06
ORD1640,Jeans,Fashion,2,1918.12,Ahmedabad,2026-04-26,3836.24,2026,4,2026-04
ORD1641,T-Shirt,Fashion,3,856.88,Mumbai,2026-04-23,2570.64,2026,4,2026-04
ORD1642,Air Fryer,Home Appliances,1,6858.32,Bangalore,2026-02-23,6858.32,2026,2,2026-02
ORD1643,Jeans,Fashion,5,2074.62,Kolkata,2026-06-11,10373.099999999999,2026,6,2026-06
ORD1644,Watch,Accessories,2,5115.13,Bangalore,2026-02-22,10230.26,2026,2,2026-02
ORD1645,Jeans,Fashion,1,2027.02,Surat,2026-03-13,2027.02,2026,3,2026-03
ORD1646,Book,Books,5,420.15,Hyderabad,2026-03-16,2100.75,2026,3,2026-03
ORD1647,Book,Books,3,490.72,Surat,2026-06-23,1472.16,2026,6,2026-06
ORD1648,Air Fryer,Home Appliances,1,6026.27,Chennai,2026-01-16,6026.27,2026,1,2026-01
ORD1649,T-Shirt,Fashion,2,831.19,Delhi,2026-03-05,1662.38,2026,3,2026-03
ORD1650,Headphones,Electronics,3,2344.53,Chennai,2026-05-06,7033.59,2026,5,2026-05
ORD1651,Headphones,Electronics,5,2258.26,Chennai,2026-04-07,11291.300000000001,2026,4,2026-04
ORD1652,Mixer,Home Appliances,1,3593.54,Mumbai,2026-04-14,3593.54,2026,4,2026-04
ORD1653,Coffee Maker,Home Appliances,3,4363.55,Pune,2026-04-27,13090.650000000001,2026,4,2026-04
ORD1654,Mixer,Home Appliances,3,3557.37,Mumbai,2026-04-28,10672.11,2026,4,2026-04
ORD1655,Backpack,Accessories,3,1926.04,Surat,2026-04-12,5778.12,2026,4,2026-04
ORD1656,Keyboard,Electronics,4,1597.45,Jaipur,2026-03-10,6389.8,2026,3,2026-03
ORD1657,Shoes,Fashion,3,2417.91,Kolkata,2026-02-03,7253.73,2026,2,2026-02
ORD1658,Book,Books,4,475.95,Ahmedabad,2026-01-12,1903.8,2026,1,2026-01
ORD1659,Smartphone,Electronics,4,16258.61,Delhi,2026-04-23,65034.44,2026,4,2026-04
ORD1660,Mixer,Home Appliances,1,3844.29,Chennai,2026-02-21,3844.29,2026,2,2026-02
ORD1661,Tablet,Electronics,2,30140.03,Hyderabad,2026-02-10,60280.06,2026,2,2026-02
ORD1662,Air Fryer,Home Appliances,3,5971.34,Pune,2026-03-06,17914.02,2026,3,2026-03
ORD1663,Smartphone,Electronics,3,18592.23,Delhi,2026-01-14,55776.69,2026,1,2026-01
ORD1664,Watch,Accessories,3,5224.94,Bangalore,2026-04-20,15674.82,2026,4,2026-04
ORD1665,Backpack,Accessories,1,1873.33,Ahmedabad,2026-02-24,1873.33,2026,2,2026-02
ORD1666,Mixer,Home Appliances,1,3242.89,Bangalore,2026-05-13,3242.89,2026,5,2026-05
ORD1667,Backpack,Accessories,4,1623.34,Pune,2026-01-31,6493.36,2026,1,2026-01
ORD1668,Air Fryer,Home Appliances,4,6752.24,Jaipur,2026-01-19,27008.96,2026,1,2026-01
ORD1669,Keyboard,Electronics,4,1376.8,Mumbai,2026-01-27,5507.2,2026,1,2026-01
ORD1670,Shoes,Fashion,3,2689.42,Delhi,2026-04-08,8068.26,2026,4,2026-04
ORD1671,Jeans,Fashion,2,2055.6,Delhi,2026-01-18,4111.2,2026,1,2026-01
ORD1672,Coffee Maker,Home Appliances,5,3787.12,Delhi,2026-04-23,18935.6,2026,4,2026-04
ORD1673,Shoes,Fashion,2,2563.01,Delhi,2026-04-16,5126.02,2026,4,2026-04
ORD1674,Book,Books,4,482.4,Mumbai,2026-01-26,1929.6,2026,1,2026-01
ORD1675,Headphones,Electronics,1,2239.41,Chennai,2026-03-31,2239.41,2026,3,2026-03
ORD1676,Watch,Accessories,3,5290.02,Bangalore,2026-03-12,15870.060000000001,2026,3,2026-03
ORD1677,Backpack,Accessories,1,1709.34,Kolkata,2026-06-03,1709.34,2026,6,2026-06
ORD1678,Tablet,Electronics,5,26795.56,Ahmedabad,2026-06-18,133977.80000000002,2026,6,2026-06
ORD1679,T-Shirt,Fashion,2,801.84,Surat,2026-02-18,1603.68,2026,2,2026-02
ORD1680,Tablet,Electronics,4,26855.04,Ahmedabad,2026-03-03,107420.16,2026,3,2026-03
ORD1681,Mixer,Home Appliances,4,3228.92,Jaipur,2026-06-13,12915.68,2026,6,2026-06
ORD1682,Book,Books,1,452.55,Ahmedabad,2026-04-03,452.55,2026,4,2026-04
ORD1683,Shoes,Fashion,2,2442.44,Kolkata,2026-04-18,4884.88,2026,4,2026-04
ORD1684,Shoes,Fashion,5,2590.43,Jaipur,2026-01-19,12952.15,2026,1,2026-01
ORD1685,Laptop,Electronics,5,50242.86,Hyderabad,2026-02-25,251214.3,2026,2,2026-02
ORD1686,Laptop,Electronics,1,59935.48,Chennai,2026-05-10,59935.48,2026,5,2026-05
ORD1687,T-Shirt,Fashion,5,841.68,Chennai,2026-06-29,4208.4,2026,6,2026-06
ORD1688,Watch,Accessories,1,5139.51,Surat,2026-06-07,5139.51,2026,6,2026-06
ORD1689,Headphones,Electronics,3,2016.78,Mumbai,2026-05-11,6050.34,2026,5,2026-05
ORD1690,Keyboard,Electronics,2,1510.92,Chennai,2026-05-31,3021.84,2026,5,2026-05
ORD1691,Backpack,Accessories,1,1731.66,Chennai,2026-03-03,1731.66,2026,3,2026-03
ORD1692,Laptop,Electronics,2,50448.34,Chennai,2026-01-30,100896.68,2026,1,2026-01
ORD1693,Mixer,Home Appliances,5,3576.18,Hyderabad,2026-06-20,17880.899999999998,2026,6,2026-06
ORD1694,Tablet,Electronics,2,25868.88,Delhi,2026-06-29,51737.76,2026,6,2026-06
ORD1695,Laptop,Electronics,2,54960.54,Pune,2026-05-14,109921.08,2026,5,2026-05
ORD1696,Coffee Maker,Home Appliances,3,3920.25,Delhi,2026-03-10,11760.75,2026,3,2026-03
ORD1697,Tablet,Electronics,1,29520.01,Ahmedabad,2026-03-27,29520.01,2026,3,2026-03
ORD1698,Jeans,Fashion,4,1907.84,Mumbai,2026-03-09,7631.36,2026,3,2026-03
ORD1699,Tablet,Electronics,5,28714.18,Jaipur,2026-04-27,143570.9,2026,4,2026-04
ORD1700,Coffee Maker,Home Appliances,3,3826.57,Kolkata,2026-02-12,11479.710000000001,2026,2,2026-02
ORD1701,Shoes,Fashion,2,2376.61,Mumbai,2026-05-27,4753.22,2026,5,2026-05
ORD1702,Backpack,Accessories,1,1702.23,Surat,2026-01-01,1702.23,2026,1,2026-01
ORD1703,Laptop,Electronics,1,52190.07,Jaipur,2026-04-04,52190.07,2026,4,2026-04
ORD1704,Watch,Accessories,2,4678.03,Ahmedabad,2026-05-22,9356.06,2026,5,2026-05
ORD1705,Jeans,Fashion,4,1888.86,Bangalore,2026-04-17,7555.44,2026,4,2026-04
ORD1706,Tablet,Electronics,3,26719.04,Mumbai,2026-05-27,80157.12,2026,5,2026-05
ORD1707,Shoes,Fashion,1,2500.02,Ahmedabad,2026-02-15,2500.02,2026,2,2026-02
ORD1708,Keyboard,Electronics,5,1644.42,Chennai,2026-01-18,8222.1,2026,1,2026-01
ORD1709,Mixer,Home Appliances,3,3691.47,Hyderabad,2026-03-25,11074.41,2026,3,2026-03
ORD1710,Smartphone,Electronics,5,17844.29,Pune,2026-02-21,89221.45000000001,2026,2,2026-02
ORD1711,T-Shirt,Fashion,5,844.46,Kolkata,2026-03-04,4222.3,2026,3,2026-03
ORD1712,Mixer,Home Appliances,3,3564.18,Jaipur,2026-02-20,10692.539999999999,2026,2,2026-02
ORD1713,Tablet,Electronics,5,29458.7,Bangalore,2026-02-08,147293.5,2026,2,2026-02
ORD1714,Laptop,Electronics,4,49763.01,Surat,2026-03-30,199052.04,2026,3,2026-03
ORD1715,Backpack,Accessories,1,1962.36,Ahmedabad,2026-06-18,1962.36,2026,6,2026-06
ORD1716,Watch,Accessories,3,4603.03,Surat,2026-03-02,13809.09,2026,3,2026-03
ORD1717,Watch,Accessories,4,5460.09,Delhi,2026-03-13,21840.36,2026,3,2026-03
ORD1718,Smartphone,Electronics,1,19516.59,Surat,2026-04-16,19516.59,2026,4,2026-04
ORD1719,Tablet,Electronics,3,27767.36,Mumbai,2026-05-29,83302.08,2026,5,2026-05
ORD1720,Smartphone,Electronics,5,16680.65,Chennai,2026-01-20,83403.25,2026,1,2026-01
ORD1721,Book,Books,5,410.61,Delhi,2026-03-02,2053.05,2026,3,2026-03
ORD1722,T-Shirt,Fashion,3,855.08,Chennai,2026-06-29,2565.2400000000002,2026,6,2026-06
ORD1723,Air Fryer,Home Appliances,3,6263.48,Hyderabad,2026-03-01,18790.44,2026,3,2026-03
ORD1724,Smartphone,Electronics,2,16690.0,Kolkata,2026-01-28,33380.0,2026,1,2026-01
ORD1725,Headphones,Electronics,1,2052.32,Jaipur,2026-03-22,2052.32,2026,3,2026-03
ORD1726,Watch,Accessories,1,5034.92,Bangalore,2026-04-26,5034.92,2026,4,2026-04
ORD1727,T-Shirt,Fashion,4,761.45,Mumbai,2026-01-24,3045.8,2026,1,2026-01
ORD1728,Headphones,Electronics,3,2343.61,Kolkata,2026-01-11,7030.83,2026,1,2026-01
ORD1729,Keyboard,Electronics,3,1394.5,Bangalore,2026-04-02,4183.5,2026,4,2026-04
ORD1730,Watch,Accessories,5,4548.04,Hyderabad,2026-03-08,22740.2,2026,3,2026-03
ORD1731,Air Fryer,Home Appliances,2,5890.41,Chennai,2026-04-26,11780.82,2026,4,2026-04
ORD1732,Coffee Maker,Home Appliances,5,3989.88,Jaipur,2026-01-27,19949.4,2026,1,2026-01
ORD1733,Jeans,Fashion,2,1847.66,Ahmedabad,2026-02-26,3695.32,2026,2,2026-02
ORD1734,Headphones,Electronics,2,2342.42,Pune,2026-06-25,4684.84,2026,6,2026-06
ORD1735,Backpack,Accessories,1,1829.64,Hyderabad,2026-01-20,1829.64,2026,1,2026-01
ORD1736,Laptop,Electronics,1,51675.25,Jaipur,2026-02-02,51675.25,2026,2,2026-02
ORD1737,Smartphone,Electronics,3,16641.1,Jaipur,2026-01-13,49923.299999999996,2026,1,2026-01
ORD1738,Headphones,Electronics,5,2170.59,Chennai,2026-05-08,10852.95,2026,5,2026-05
ORD1739,Laptop,Electronics,4,57015.34,Delhi,2026-04-01,228061.36,2026,4,2026-04
ORD1740,Keyboard,Electronics,2,1432.49,Jaipur,2026-02-08,2864.98,2026,2,2026-02
ORD1741,Laptop,Electronics,5,56310.94,Bangalore,2026-06-15,281554.7,2026,6,2026-06
ORD1742,T-Shirt,Fashion,4,784.94,Surat,2026-05-03,3139.76,2026,5,2026-05
ORD1743,Laptop,Electronics,1,52577.54,Delhi,2026-04-18,52577.54,2026,4,2026-04
ORD1744,Keyboard,Electronics,5,1424.74,Surat,2026-01-05,7123.7,2026,1,2026-01
ORD1745,Watch,Accessories,3,4978.69,Jaipur,2026-03-30,14936.07,2026,3,2026-03
ORD1746,Book,Books,5,433.94,Hyderabad,2026-02-16,2169.7,2026,2,2026-02
ORD1747,Laptop,Electronics,3,56068.28,Ahmedabad,2026-03-13,168204.84,2026,3,2026-03
ORD1748,Laptop,Electronics,4,55323.76,Kolkata,2026-03-01,221295.04,2026,3,2026-03
ORD1749,Headphones,Electronics,1,2089.06,Bangalore,2026-03-10,2089.06,2026,3,2026-03
ORD1750,Coffee Maker,Home Appliances,1,4421.8,Bangalore,2026-05-28,4421.8,2026,5,2026-05
ORD1751,Air Fryer,Home Appliances,4,6311.25,Delhi,2026-02-15,25245.0,2026,2,2026-02
ORD1752,Keyboard,Electronics,5,1445.4,Pune,2026-06-01,7227.0,2026,6,2026-06
ORD1753,Laptop,Electronics,3,59923.15,Kolkata,2026-02-06,179769.45,2026,2,2026-02
ORD1754,Book,Books,2,480.3,Jaipur,2026-05-19,960.6,2026,5,2026-05
ORD1755,T-Shirt,Fashion,2,797.47,Mumbai,2026-01-15,1594.94,2026,1,2026-01
ORD1756,Keyboard,Electronics,5,1415.64,Surat,2026-05-03,7078.200000000001,2026,5,2026-05
ORD1757,Laptop,Electronics,3,59596.86,Bangalore,2026-02-03,178790.58000000002,2026,2,2026-02
ORD1758,Shoes,Fashion,2,2708.31,Pune,2026-01-16,5416.62,2026,1,2026-01
ORD1759,Laptop,Electronics,2,55952.7,Delhi,2026-01-29,111905.4,2026,1,2026-01
ORD1760,Air Fryer,Home Appliances,5,6968.87,Mumbai,2026-04-06,34844.35,2026,4,2026-04
ORD1761,Tablet,Electronics,4,28481.69,Pune,2026-03-19,113926.76,2026,3,2026-03
ORD1762,Shoes,Fashion,2,2736.84,Chennai,2026-06-13,5473.68,2026,6,2026-06
ORD1763,Mixer,Home Appliances,3,3271.94,Surat,2026-06-27,9815.82,2026,6,2026-06
ORD1764,Book,Books,3,425.09,Kolkata,2026-02-14,1275.27,2026,2,2026-02
ORD1765,Watch,Accessories,3,5232.95,Hyderabad,2026-02-02,15698.849999999999,2026,2,2026-02
ORD1766,Headphones,Electronics,1,2397.47,Kolkata,2026-04-11,2397.47,2026,4,2026-04
ORD1767,Air Fryer,Home Appliances,5,5892.1,Kolkata,2026-03-23,29460.5,2026,3,2026-03
ORD1768,Jeans,Fashion,5,1887.41,Kolkata,2026-01-27,9437.050000000001,2026,1,2026-01
ORD1769,Mixer,Home Appliances,2,3381.82,Mumbai,2026-03-02,6763.64,2026,3,2026-03
ORD1770,Shoes,Fashion,3,2333.01,Mumbai,2026-06-21,6999.030000000001,2026,6,2026-06
ORD1771,Backpack,Accessories,3,1780.79,Hyderabad,2026-02-23,5342.37,2026,2,2026-02
ORD1772,Keyboard,Electronics,1,1455.14,Mumbai,2026-01-01,1455.14,2026,1,2026-01
ORD1773,Laptop,Electronics,4,54320.42,Chennai,2026-02-12,217281.68,2026,2,2026-02
ORD1774,Watch,Accessories,4,5380.69,Pune,2026-05-20,21522.76,2026,5,2026-05
ORD1775,Watch,Accessories,1,5327.74,Kolkata,2026-06-16,5327.74,2026,6,2026-06
ORD1776,Jeans,Fashion,2,1864.13,Mumbai,2026-01-09,3728.26,2026,1,2026-01
ORD1777,T-Shirt,Fashion,1,770.03,Mumbai,2026-01-19,770.03,2026,1,2026-01
ORD1778,Shoes,Fashion,2,2692.89,Delhi,2026-01-20,5385.78,2026,1,2026-01
ORD1779,Coffee Maker,Home Appliances,1,4063.88,Kolkata,2026-05-04,4063.88,2026,5,2026-05
ORD1780,Tablet,Electronics,1,27615.41,Delhi,2026-06-05,27615.41,2026,6,2026-06
ORD1781,Watch,Accessories,2,4552.65,Pune,2026-02-22,9105.3,2026,2,2026-02
ORD1782,Keyboard,Electronics,4,1559.16,Surat,2026-03-09,6236.64,2026,3,2026-03
ORD1783,Backpack,Accessories,3,1727.06,Mumbai,2026-01-13,5181.18,2026,1,2026-01
ORD1784,Watch,Accessories,5,5048.65,Jaipur,2026-02-09,25243.25,2026,2,2026-02
ORD1785,Laptop,Electronics,3,49541.97,Mumbai,2026-03-17,148625.91,2026,3,2026-03
ORD1786,Air Fryer,Home Appliances,5,6474.43,Mumbai,2026-01-07,32372.15,2026,1,2026-01
ORD1787,Keyboard,Electronics,2,1541.46,Mumbai,2026-05-02,3082.92,2026,5,2026-05
ORD1788,Air Fryer,Home Appliances,1,6250.86,Chennai,2026-05-01,6250.86,2026,5,2026-05
ORD1789,Mixer,Home Appliances,3,3213.8,Surat,2026-04-10,9641.400000000001,2026,4,2026-04
ORD1790,Headphones,Electronics,3,2369.62,Pune,2026-02-17,7108.86,2026,2,2026-02
ORD1791,Mixer,Home Appliances,1,3334.31,Jaipur,2026-03-09,3334.31,2026,3,2026-03
ORD1792,Keyboard,Electronics,3,1519.27,Delhi,2026-06-28,4557.8099999999995,2026,6,2026-06
ORD1793,Backpack,Accessories,1,1650.85,Pune,2026-05-19,1650.85,2026,5,2026-05
ORD1794,Watch,Accessories,5,4726.57,Ahmedabad,2026-04-10,23632.85,2026,4,2026-04
ORD1795,Air Fryer,Home Appliances,5,6394.22,Surat,2026-06-25,31971.100000000002,2026,6,2026-06
ORD1796,Air Fryer,Home Appliances,4,6594.53,Bangalore,2026-05-02,26378.12,2026,5,2026-05
ORD1797,T-Shirt,Fashion,1,782.19,Ahmedabad,2026-05-09,782.19,2026,5,2026-05
ORD1798,Book,Books,5,477.04,Kolkata,2026-02-07,2385.2000000000003,2026,2,2026-02
ORD1799,Smartphone,Electronics,4,16822.36,Delhi,2026-02-24,67289.44,2026,2,2026-02
ORD1800,Jeans,Fashion,2,1849.55,Chennai,2026-01-21,3699.1,2026,1,2026-01
ORD1801,Backpack,Accessories,4,1692.69,Delhi,2026-06-02,6770.76,2026,6,2026-06
ORD1802,T-Shirt,Fashion,3,864.65,Mumbai,2026-01-23,2593.95,2026,1,2026-01
ORD1803,Watch,Accessories,5,4896.38,Pune,2026-03-12,24481.9,2026,3,2026-03
ORD1804,Coffee Maker,Home Appliances,4,4550.42,Ahmedabad,2026-06-29,18201.68,2026,6,2026-06
ORD1805,Book,Books,5,452.03,Chennai,2026-01-29,2260.1499999999996,2026,1,2026-01
ORD1806,Watch,Accessories,2,4647.27,Kolkata,2026-05-30,9294.54,2026,5,2026-05
ORD1807,Jeans,Fashion,1,2168.89,Kolkata,2026-01-26,2168.89,2026,1,2026-01
ORD1808,Jeans,Fashion,3,2145.92,Pune,2026-04-16,6437.76,2026,4,2026-04
ORD1809,T-Shirt,Fashion,4,823.74,Kolkata,2026-06-05,3294.96,2026,6,2026-06
ORD1810,Mixer,Home Appliances,1,3270.54,Chennai,2026-02-06,3270.54,2026,2,2026-02
ORD1811,Book,Books,5,466.27,Chennai,2026-01-10,2331.35,2026,1,2026-01
ORD1812,Watch,Accessories,3,5189.48,Ahmedabad,2026-05-02,15568.439999999999,2026,5,2026-05
ORD1813,T-Shirt,Fashion,3,722.33,Hyderabad,2026-03-21,2166.9900000000002,2026,3,2026-03
ORD1814,T-Shirt,Fashion,4,856.25,Mumbai,2026-02-28,3425.0,2026,2,2026-02
ORD1815,Headphones,Electronics,3,2408.66,Jaipur,2026-03-24,7225.98,2026,3,2026-03
ORD1816,T-Shirt,Fashion,4,815.78,Mumbai,2026-02-18,3263.12,2026,2,2026-02
ORD1817,Mixer,Home Appliances,2,3789.4,Chennai,2026-05-05,7578.8,2026,5,2026-05
ORD1818,Jeans,Fashion,5,2145.8,Ahmedabad,2026-05-12,10729.0,2026,5,2026-05
ORD1819,Jeans,Fashion,2,1825.33,Surat,2026-04-14,3650.66,2026,4,2026-04
ORD1820,Headphones,Electronics,5,2366.91,Ahmedabad,2026-02-14,11834.55,2026,2,2026-02
ORD1821,Keyboard,Electronics,2,1601.09,Bangalore,2026-01-09,3202.18,2026,1,2026-01
ORD1822,Mixer,Home Appliances,1,3792.62,Bangalore,2026-03-12,3792.62,2026,3,2026-03
ORD1823,Shoes,Fashion,4,2501.56,Mumbai,2026-06-24,10006.24,2026,6,2026-06
ORD1824,Laptop,Electronics,2,53597.13,Kolkata,2026-04-25,107194.26,2026,4,2026-04
ORD1825,Headphones,Electronics,4,2238.23,Pune,2026-03-30,8952.92,2026,3,2026-03
ORD1826,Headphones,Electronics,3,2309.54,Mumbai,2026-03-14,6928.62,2026,3,2026-03
ORD1827,Laptop,Electronics,4,50046.16,Kolkata,2026-02-24,200184.64,2026,2,2026-02
ORD1828,Air Fryer,Home Appliances,2,6691.59,Bangalore,2026-03-10,13383.18,2026,3,2026-03
ORD1829,Backpack,Accessories,4,1804.78,Ahmedabad,2026-05-02,7219.12,2026,5,2026-05
ORD1830,Headphones,Electronics,2,2244.5,Ahmedabad,2026-02-27,4489.0,2026,2,2026-02
ORD1831,T-Shirt,Fashion,5,847.75,Hyderabad,2026-06-14,4238.75,2026,6,2026-06
ORD1832,T-Shirt,Fashion,4,862.2,Pune,2026-04-28,3448.8,2026,4,2026-04
ORD1833,T-Shirt,Fashion,2,793.68,Surat,2026-06-09,1587.36,2026,6,2026-06
ORD1834,Watch,Accessories,5,4601.39,Surat,2026-06-19,23006.95,2026,6,2026-06
ORD1835,Air Fryer,Home Appliances,3,6579.89,Kolkata,2026-06-05,19739.670000000002,2026,6,2026-06
ORD1836,T-Shirt,Fashion,3,828.47,Jaipur,2026-01-17,2485.41,2026,1,2026-01
ORD1837,Shoes,Fashion,3,2569.27,Hyderabad,2026-03-08,7707.8099999999995,2026,3,2026-03
ORD1838,Backpack,Accessories,3,1687.81,Surat,2026-03-03,5063.43,2026,3,2026-03
ORD1839,Laptop,Electronics,5,53945.08,Pune,2026-06-24,269725.4,2026,6,2026-06
ORD1840,Headphones,Electronics,1,2268.38,Hyderabad,2026-03-08,2268.38,2026,3,2026-03
ORD1841,Watch,Accessories,4,4887.3,Ahmedabad,2026-05-30,19549.2,2026,5,2026-05
ORD1842,Tablet,Electronics,5,29769.68,Pune,2026-02-26,148848.4,2026,2,2026-02
ORD1843,Backpack,Accessories,5,1849.79,Jaipur,2026-06-21,9248.95,2026,6,2026-06
ORD1844,Shoes,Fashion,5,2399.14,Delhi,2026-06-18,11995.699999999999,2026,6,2026-06
ORD1845,Coffee Maker,Home Appliances,2,4026.78,Jaipur,2026-02-02,8053.56,2026,2,2026-02
ORD1846,Tablet,Electronics,3,29261.05,Surat,2026-02-16,87783.15,2026,2,2026-02
ORD1847,Backpack,Accessories,3,1855.6,Bangalore,2026-04-01,5566.799999999999,2026,4,2026-04
ORD1848,Keyboard,Electronics,3,1476.14,Pune,2026-04-06,4428.42,2026,4,2026-04
ORD1849,T-Shirt,Fashion,5,766.09,Mumbai,2026-05-01,3830.4500000000003,2026,5,2026-05
ORD1850,Laptop,Electronics,5,55883.44,Kolkata,2026-01-19,279417.2,2026,1,2026-01
ORD1851,Mixer,Home Appliances,2,3500.33,Chennai,2026-05-16,7000.66,2026,5,2026-05
ORD1852,T-Shirt,Fashion,4,727.74,Delhi,2026-02-05,2910.96,2026,2,2026-02
ORD1853,Keyboard,Electronics,3,1472.76,Kolkata,2026-04-28,4418.28,2026,4,2026-04
ORD1854,Headphones,Electronics,3,2359.45,Delhi,2026-01-21,7078.349999999999,2026,1,2026-01
ORD1855,Mixer,Home Appliances,3,3591.72,Delhi,2026-03-22,10775.16,2026,3,2026-03
ORD1856,Backpack,Accessories,1,1621.7,Hyderabad,2026-02-23,1621.7,2026,2,2026-02
ORD1857,Jeans,Fashion,2,2029.5,Delhi,2026-05-06,4059.0,2026,5,2026-05
ORD1858,Jeans,Fashion,1,1850.84,Chennai,2026-06-12,1850.84,2026,6,2026-06
ORD1859,Watch,Accessories,4,4928.04,Jaipur,2026-04-09,19712.16,2026,4,2026-04
ORD1860,Laptop,Electronics,1,55371.61,Pune,2026-01-04,55371.61,2026,1,2026-01
ORD1861,Shoes,Fashion,5,2344.35,Ahmedabad,2026-06-10,11721.75,2026,6,2026-06
ORD1862,Tablet,Electronics,2,26467.09,Pune,2026-03-21,52934.18,2026,3,2026-03
ORD1863,Headphones,Electronics,1,2148.76,Kolkata,2026-03-20,2148.76,2026,3,2026-03
ORD1864,Headphones,Electronics,1,2342.49,Hyderabad,2026-03-16,2342.49,2026,3,2026-03
ORD1865,Mixer,Home Appliances,5,3567.46,Pune,2026-04-22,17837.3,2026,4,2026-04
ORD1866,Backpack,Accessories,2,1743.38,Jaipur,2026-04-02,3486.76,2026,4,2026-04
ORD1867,Jeans,Fashion,2,1865.02,Chennai,2026-01-05,3730.04,2026,1,2026-01
ORD1868,Keyboard,Electronics,2,1568.15,Delhi,2026-02-24,3136.3,2026,2,2026-02
ORD1869,Tablet,Electronics,1,28502.28,Delhi,2026-02-01,28502.28,2026,2,2026-02
ORD1870,Shoes,Fashion,1,2436.62,Hyderabad,2026-05-17,2436.62,2026,5,2026-05
ORD1871,Book,Books,1,458.45,Ahmedabad,2026-06-19,458.45,2026,6,2026-06
ORD1872,Smartphone,Electronics,1,16373.65,Mumbai,2026-04-17,16373.65,2026,4,2026-04
ORD1873,Mixer,Home Appliances,4,3236.52,Hyderabad,2026-05-02,12946.08,2026,5,2026-05
ORD1874,Tablet,Electronics,2,26350.77,Ahmedabad,2026-03-19,52701.54,2026,3,2026-03
ORD1875,Watch,Accessories,1,5161.45,Hyderabad,2026-06-09,5161.45,2026,6,2026-06
ORD1876,Book,Books,2,442.69,Mumbai,2026-05-11,885.38,2026,5,2026-05
ORD1877,Tablet,Electronics,5,25859.31,Mumbai,2026-01-28,129296.55,2026,1,2026-01
ORD1878,Mixer,Home Appliances,2,3576.3,Hyderabad,2026-05-14,7152.6,2026,5,2026-05
ORD1879,Keyboard,Electronics,3,1561.03,Hyderabad,2026-02-11,4683.09,2026,2,2026-02
ORD1880,Laptop,Electronics,5,54959.9,Bangalore,2026-06-26,274799.5,2026,6,2026-06
ORD1881,Mixer,Home Appliances,3,3314.15,Ahmedabad,2026-06-21,9942.45,2026,6,2026-06
ORD1882,Smartphone,Electronics,1,19206.84,Jaipur,2026-02-08,19206.84,2026,2,2026-02
ORD1883,Smartphone,Electronics,5,16470.17,Mumbai,2026-03-07,82350.84999999999,2026,3,2026-03
ORD1884,Backpack,Accessories,2,1784.43,Hyderabad,2026-03-09,3568.86,2026,3,2026-03
ORD1885,Mixer,Home Appliances,1,3219.87,Delhi,2026-01-11,3219.87,2026,1,2026-01
ORD1886,Air Fryer,Home Appliances,3,6318.28,Pune,2026-04-20,18954.84,2026,4,2026-04
ORD1887,Tablet,Electronics,1,25731.99,Ahmedabad,2026-01-03,25731.99,2026,1,2026-01
ORD1888,Air Fryer,Home Appliances,2,6712.36,Delhi,2026-03-26,13424.72,2026,3,2026-03
ORD1889,Shoes,Fashion,4,2726.45,Hyderabad,2026-01-24,10905.8,2026,1,2026-01
ORD1890,Shoes,Fashion,3,2340.5,Chennai,2026-04-13,7021.5,2026,4,2026-04
ORD1891,Mixer,Home Appliances,3,3735.0,Jaipur,2026-04-18,11205.0,2026,4,2026-04
ORD1892,Backpack,Accessories,2,1660.7,Ahmedabad,2026-02-10,3321.4,2026,2,2026-02
ORD1893,Smartphone,Electronics,4,19480.42,Jaipur,2026-05-26,77921.68,2026,5,2026-05
ORD1894,Backpack,Accessories,4,1685.25,Chennai,2026-04-02,6741.0,2026,4,2026-04
ORD1895,Book,Books,1,482.63,Delhi,2026-05-04,482.63,2026,5,2026-05
ORD1896,Mixer,Home Appliances,1,3771.32,Jaipur,2026-01-12,3771.32,2026,1,2026-01
ORD1897,Smartphone,Electronics,3,18557.9,Ahmedabad,2026-06-23,55673.700000000004,2026,6,2026-06
ORD1898,Coffee Maker,Home Appliances,5,4387.97,Bangalore,2026-06-21,21939.850000000002,2026,6,2026-06
ORD1899,Air Fryer,Home Appliances,3,6524.83,Kolkata,2026-01-25,19574.489999999998,2026,1,2026-01
ORD1900,Watch,Accessories,2,4980.93,Chennai,2026-02-08,9961.86,2026,2,2026-02
ORD1901,Air Fryer,Home Appliances,5,7009.68,Kolkata,2026-01-14,35048.4,2026,1,2026-01
ORD1902,Laptop,Electronics,2,55061.24,Jaipur,2026-05-07,110122.48,2026,5,2026-05
ORD1903,Air Fryer,Home Appliances,2,5947.32,Jaipur,2026-03-24,11894.64,2026,3,2026-03
ORD1904,Keyboard,Electronics,3,1641.04,Ahmedabad,2026-05-10,4923.12,2026,5,2026-05
ORD1905,Keyboard,Electronics,5,1543.0,Chennai,2026-03-02,7715.0,2026,3,2026-03
ORD1906,Smartphone,Electronics,4,17799.08,Kolkata,2026-04-25,71196.32,2026,4,2026-04
ORD1907,Smartphone,Electronics,4,17809.45,Mumbai,2026-05-08,71237.8,2026,5,2026-05
ORD1908,Tablet,Electronics,1,25774.8,Chennai,2026-01-10,25774.8,2026,1,2026-01
ORD1909,Coffee Maker,Home Appliances,5,3780.14,Mumbai,2026-06-04,18900.7,2026,6,2026-06
ORD1910,Book,Books,3,485.11,Surat,2026-02-22,1455.33,2026,2,2026-02
ORD1911,Backpack,Accessories,4,1962.13,Pune,2026-01-14,7848.52,2026,1,2026-01
ORD1912,Air Fryer,Home Appliances,2,6947.61,Pune,2026-05-24,13895.22,2026,5,2026-05
ORD1913,Jeans,Fashion,5,2038.96,Pune,2026-04-26,10194.8,2026,4,2026-04
ORD1914,Smartphone,Electronics,1,18933.55,Bangalore,2026-01-01,18933.55,2026,1,2026-01
ORD1915,Shoes,Fashion,3,2663.88,Hyderabad,2026-05-21,7991.64,2026,5,2026-05
ORD1916,Coffee Maker,Home Appliances,3,4369.76,Ahmedabad,2026-02-12,13109.28,2026,2,2026-02
ORD1917,Mixer,Home Appliances,2,3725.29,Chennai,2026-01-28,7450.58,2026,1,2026-01
ORD1918,T-Shirt,Fashion,5,750.41,Mumbai,2026-04-11,3752.0499999999997,2026,4,2026-04
ORD1919,Keyboard,Electronics,4,1597.37,Bangalore,2026-03-28,6389.48,2026,3,2026-03
ORD1920,Smartphone,Electronics,4,16367.4,Kolkata,2026-02-01,65469.6,2026,2,2026-02
ORD1921,Jeans,Fashion,4,1981.96,Kolkata,2026-05-10,7927.84,2026,5,2026-05
ORD1922,Headphones,Electronics,4,1981.91,Ahmedabad,2026-05-22,7927.64,2026,5,2026-05
ORD1923,Watch,Accessories,5,4981.94,Surat,2026-02-15,24909.699999999997,2026,2,2026-02
ORD1924,Tablet,Electronics,5,26172.44,Delhi,2026-01-27,130862.2,2026,1,2026-01
ORD1925,Watch,Accessories,5,5105.14,Pune,2026-05-10,25525.7,2026,5,2026-05
ORD1926,Watch,Accessories,4,5478.4,Bangalore,2026-03-12,21913.6,2026,3,2026-03
ORD1927,Watch,Accessories,3,5469.4,Jaipur,2026-02-04,16408.199999999997,2026,2,2026-02
ORD1928,Headphones,Electronics,4,2245.11,Surat,2026-03-18,8980.44,2026,3,2026-03
ORD1929,Air Fryer,Home Appliances,5,6968.92,Surat,2026-06-11,34844.6,2026,6,2026-06
ORD1930,Keyboard,Electronics,2,1412.91,Hyderabad,2026-06-25,2825.82,2026,6,2026-06
ORD1931,Shoes,Fashion,2,2739.57,Delhi,2026-05-09,5479.14,2026,5,2026-05
ORD1932,Coffee Maker,Home Appliances,3,4376.7,Pune,2026-05-24,13130.099999999999,2026,5,2026-05
ORD1933,Mixer,Home Appliances,5,3549.45,Chennai,2026-06-22,17747.25,2026,6,2026-06
ORD1934,Tablet,Electronics,5,26801.2,Chennai,2026-01-04,134006.0,2026,1,2026-01
ORD1935,Coffee Maker,Home Appliances,1,3801.23,Delhi,2026-01-14,3801.23,2026,1,2026-01
ORD1936,Backpack,Accessories,1,1691.96,Delhi,2026-03-15,1691.96,2026,3,2026-03
ORD1937,Backpack,Accessories,3,1672.71,Ahmedabad,2026-06-26,5018.13,2026,6,2026-06
ORD1938,Jeans,Fashion,3,1880.66,Surat,2026-01-09,5641.9800000000005,2026,1,2026-01
ORD1939,Shoes,Fashion,4,2300.32,Surat,2026-02-27,9201.28,2026,2,2026-02
ORD1940,Tablet,Electronics,5,27377.77,Surat,2026-06-28,136888.85,2026,6,2026-06
ORD1941,T-Shirt,Fashion,1,867.15,Chennai,2026-04-17,867.15,2026,4,2026-04
ORD1942,Jeans,Fashion,3,2185.24,Ahmedabad,2026-01-04,6555.719999999999,2026,1,2026-01
ORD1943,Tablet,Electronics,3,26337.29,Jaipur,2026-02-27,79011.87,2026,2,2026-02
ORD1944,Backpack,Accessories,3,1891.84,Surat,2026-06-04,5675.5199999999995,2026,6,2026-06
ORD1945,Keyboard,Electronics,2,1438.25,Delhi,2026-06-24,2876.5,2026,6,2026-06
ORD1946,Smartphone,Electronics,2,19664.91,Surat,2026-01-31,39329.82,2026,1,2026-01
ORD1947,Watch,Accessories,1,4927.52,Surat,2026-03-09,4927.52,2026,3,2026-03
ORD1948,Headphones,Electronics,2,2236.95,Hyderabad,2026-01-02,4473.9,2026,1,2026-01
ORD1949,Shoes,Fashion,4,2603.8,Delhi,2026-01-11,10415.2,2026,1,2026-01
ORD1950,Headphones,Electronics,3,2242.63,Kolkata,2026-06-19,6727.89,2026,6,2026-06
ORD1951,T-Shirt,Fashion,4,845.33,Surat,2026-04-02,3381.32,2026,4,2026-04
ORD1952,Smartphone,Electronics,3,18091.42,Delhi,2026-05-14,54274.259999999995,2026,5,2026-05
ORD1953,Smartphone,Electronics,5,16773.73,Surat,2026-05-18,83868.65,2026,5,2026-05
ORD1954,Watch,Accessories,1,4848.43,Bangalore,2026-06-19,4848.43,2026,6,2026-06
ORD1955,Shoes,Fashion,3,2429.43,Bangalore,2026-06-08,7288.289999999999,2026,6,2026-06
ORD1956,Coffee Maker,Home Appliances,4,4617.17,Ahmedabad,2026-01-30,18468.68,2026,1,2026-01
ORD1957,Backpack,Accessories,3,1780.44,Kolkata,2026-06-09,5341.32,2026,6,2026-06
ORD1958,Keyboard,Electronics,1,1554.77,Pune,2026-04-08,1554.77,2026,4,2026-04
ORD1959,Jeans,Fashion,1,1953.37,Surat,2026-03-14,1953.37,2026,3,2026-03
ORD1960,Laptop,Electronics,5,58543.2,Pune,2026-05-12,292716.0,2026,5,2026-05
ORD1961,Jeans,Fashion,5,1977.23,Ahmedabad,2026-03-17,9886.15,2026,3,2026-03
ORD1962,Backpack,Accessories,2,1735.31,Mumbai,2026-01-25,3470.62,2026,1,2026-01
ORD1963,Headphones,Electronics,5,2214.61,Mumbai,2026-02-23,11073.050000000001,2026,2,2026-02
ORD1964,Backpack,Accessories,2,1931.38,Chennai,2026-01-27,3862.76,2026,1,2026-01
ORD1965,Keyboard,Electronics,5,1598.62,Chennai,2026-06-15,7993.099999999999,2026,6,2026-06
ORD1966,Air Fryer,Home Appliances,1,6820.96,Delhi,2026-01-07,6820.96,2026,1,2026-01
ORD1967,Mixer,Home Appliances,3,3176.52,Mumbai,2026-01-14,9529.56,2026,1,2026-01
ORD1968,Headphones,Electronics,3,2225.56,Kolkata,2026-02-28,6676.68,2026,2,2026-02
ORD1969,T-Shirt,Fashion,4,781.11,Chennai,2026-04-21,3124.44,2026,4,2026-04
ORD1970,Shoes,Fashion,1,2443.77,Mumbai,2026-05-17,2443.77,2026,5,2026-05
ORD1971,Laptop,Electronics,5,50195.61,Kolkata,2026-01-12,250978.05,2026,1,2026-01
ORD1972,Tablet,Electronics,1,27203.12,Surat,2026-01-28,27203.12,2026,1,2026-01
ORD1973,T-Shirt,Fashion,3,816.03,Hyderabad,2026-04-23,2448.09,2026,4,2026-04
ORD1974,Watch,Accessories,4,5321.06,Ahmedabad,2026-05-02,21284.24,2026,5,2026-05
ORD1975,Headphones,Electronics,5,2076.74,Chennai,2026-05-20,10383.699999999999,2026,5,2026-05
ORD1976,T-Shirt,Fashion,2,766.73,Pune,2026-01-03,1533.46,2026,1,2026-01
ORD1977,Coffee Maker,Home Appliances,5,3898.75,Ahmedabad,2026-01-02,19493.75,2026,1,2026-01
ORD1978,Book,Books,5,440.47,Surat,2026-01-22,2202.3500000000004,2026,1,2026-01
ORD1979,T-Shirt,Fashion,2,838.68,Pune,2026-02-24,1677.36,2026,2,2026-02
ORD1980,Watch,Accessories,5,4641.53,Delhi,2026-02-26,23207.649999999998,2026,2,2026-02
ORD1981,Book,Books,3,422.49,Delhi,2026-06-21,1267.47,2026,6,2026-06
ORD1982,Jeans,Fashion,5,2139.83,Surat,2026-04-29,10699.15,2026,4,2026-04
ORD1983,Backpack,Accessories,5,1646.33,Mumbai,2026-03-06,8231.65,2026,3,2026-03
ORD1984,Smartphone,Electronics,2,18812.12,Jaipur,2026-03-26,37624.24,2026,3,2026-03
ORD1985,Shoes,Fashion,2,2584.61,Bangalore,2026-01-26,5169.22,2026,1,2026-01
ORD1986,T-Shirt,Fashion,5,730.26,Bangalore,2026-03-23,3651.3,2026,3,2026-03
ORD1987,Mixer,Home Appliances,4,3379.84,Hyderabad,2026-06-27,13519.36,2026,6,2026-06
ORD1988,Book,Books,2,455.9,Pune,2026-03-22,911.8,2026,3,2026-03
ORD1989,Watch,Accessories,2,4503.93,Bangalore,2026-02-26,9007.86,2026,2,2026-02
ORD1990,Tablet,Electronics,4,26749.41,Pune,2026-02-04,106997.64,2026,2,2026-02
ORD1991,Backpack,Accessories,3,1936.04,Jaipur,2026-04-25,5808.12,2026,4,2026-04
ORD1992,Shoes,Fashion,3,2492.49,Mumbai,2026-02-14,7477.469999999999,2026,2,2026-02
ORD1993,Backpack,Accessories,5,1649.51,Hyderabad,2026-02-05,8247.55,2026,2,2026-02
ORD1994,Coffee Maker,Home Appliances,2,4001.12,Mumbai,2026-01-20,8002.24,2026,1,2026-01
ORD1995,Laptop,Electronics,5,56447.89,Kolkata,2026-05-29,282239.45,2026,5,2026-05
ORD1996,Watch,Accessories,5,4711.82,Ahmedabad,2026-05-22,23559.1,2026,5,2026-05
ORD1997,T-Shirt,Fashion,5,861.96,Surat,2026-05-01,4309.8,2026,5,2026-05
ORD1998,Backpack,Accessories,2,1751.69,Bangalore,2026-05-31,3503.38,2026,5,2026-05
ORD1999,Tablet,Electronics,3,25949.74,Surat,2026-05-11,77849.22,2026,5,2026-05
ORD2000,Smartphone,Electronics,4,17509.92,Ahmedabad,2026-06-19,70039.68,2026,6,2026-06
